,pokedex_number,attack,defense,hp,sp_attack,sp_defense,speed,base_total,capture_rate,classfication,experience_growth,height_m,type1,type2,weight_kg,generation,name,PC1,PC2,Cluster,Cluster Name
0,1,49,49,45,65,65,45,318,45,440,1059860,0.7,9,13,6.9,1,Bulbasaur,-1.578656155558223,-0.7582729091722427,1,Baby
1,2,62,63,60,80,80,60,405,45,440,1059860,1.0,9,13,13.0,1,Ivysaur,-0.3201483466856798,-0.7036544046340831,3,
2,3,100,123,80,122,120,80,625,45,440,1059860,2.0,9,13,100.0,1,Venusaur,3.118337724001587,-0.9852974185897185,3,
3,4,52,43,39,60,50,65,309,45,295,1059860,0.6,6,6,8.5,1,Charmander,-1.772201011381784,0.8336769950540092,1,Baby
4,5,64,58,58,80,65,80,405,45,183,1059860,1.1,6,6,19.0,1,Charmeleon,-0.29558954667970055,0.9407146923552975,2,Fully Evolved
5,6,104,78,78,159,115,100,634,45,183,1059860,1.7,6,7,90.5,1,Charizard,3.141650619883576,0.9928185482689829,2,Fully Evolved
6,7,48,65,44,50,64,43,314,45,521,1059860,0.5,17,17,9.0,1,Squirtle,-1.6740739630702088,-2.3524857644309267,1,Baby
7,8,63,80,59,65,80,58,405,45,536,1059860,1.0,17,17,22.5,1,Wartortle,-0.29053211742728596,-2.334862274921155,3,
8,9,103,120,79,135,115,78,630,45,448,1059860,1.6,17,17,85.5,1,Blastoise,3.0659693065435096,-2.2283557193804255,3,
9,10,30,35,45,20,20,45,195,255,574,1000000,0.3,0,0,2.9,1,Caterpie,-4.459131246169267,1.6391400867324115,1,Baby
10,11,20,55,50,25,25,30,205,120,100,1000000,0.7,0,0,9.9,1,Metapod,-3.440291416309328,1.635167902782671,1,Baby
11,12,45,50,60,90,80,70,395,45,74,1000000,1.1,0,7,32.0,1,Butterfree,-0.40475349110734415,1.353367570339271,2,Fully Evolved
12,13,35,30,40,20,20,50,195,255,221,1000000,0.3,0,13,3.2,1,Weedle,-4.386945539713852,0.33058869483507813,1,Baby
13,14,25,50,45,25,25,35,205,120,100,1000000,0.6,0,13,10.0,1,Kakuna,-3.4810754854479558,0.11403147264948281,1,Baby
14,15,150,40,65,15,80,145,495,45,373,1000000,1.0,0,13,29.5,1,Beedrill,0.6813495567283733,1.3007239878271977,2,Fully Evolved
15,16,45,40,40,35,35,56,251,255,515,1059860,0.3,12,7,1.8,1,Pidgey,-3.611064143649079,-0.3025490101768861,1,Baby
16,17,60,55,63,50,50,71,349,120,44,1059860,1.1,12,7,30.0,1,Pidgeotto,-1.2827575865487415,0.04137894222220524,1,Baby
17,18,80,80,83,135,80,121,579,45,44,1059860,1.5,12,7,39.5,1,Pidgeot,2.1906543461186994,0.6432214057484487,2,Fully Evolved
18,21,60,30,40,31,31,70,262,255,515,1000000,0.3,12,7,2.0,1,Spearow,-3.5506120323698505,-0.08559388188796362,1,Baby
19,22,90,65,65,61,61,100,442,90,32,1000000,1.2,12,7,38.0,1,Fearow,0.03530546985377943,0.33110506519895977,2,Fully Evolved
20,23,60,44,35,40,54,55,288,255,460,1000000,2.0,13,13,6.9,1,Ekans,-2.6491150284271243,-1.323645869751314,1,Baby
21,24,95,69,60,65,79,80,448,90,99,1000000,3.5,13,13,65.0,1,Arbok,0.873928858715886,-1.0213131994372056,3,
22,25,55,40,35,50,50,90,320,190,334,1000000,0.4,3,3,6.0,1,Pikachu,-2.47732843810476,1.6611759423159318,1,Baby
23,29,47,52,55,40,40,41,275,235,376,1059860,0.4,13,13,7.0,1,Nidoran♀,-3.064563380185216,-1.3366732917443818,1,Baby
24,30,62,67,70,55,55,56,365,120,376,1059860,0.8,13,13,20.0,1,Nidorina,-1.2056850226532978,-1.2368223483171774,1,Baby
25,31,92,87,90,75,85,76,505,45,147,1059860,1.3,13,10,60.0,1,Nidoqueen,1.30456635708525,-0.6489803340929214,3,
26,32,57,40,46,40,40,50,273,235,376,1059860,0.5,13,13,9.0,1,Nidoran♂,-3.0851276130896,-1.1208404965429266,1,Baby
27,33,72,57,61,55,55,65,365,120,376,1059860,0.9,13,13,19.5,1,Nidorino,-1.2066663188218025,-1.0324186683167977,1,Baby
28,34,102,77,81,85,75,85,505,45,147,1059860,1.4,13,10,62.0,1,Nidoking,1.2966413165801545,-0.3806927319305335,3,
29,35,45,48,70,60,65,35,323,150,169,800000,0.6,4,4,7.5,1,Clefairy,-2.149238674578107,0.6776217512964606,1,Baby
30,36,70,73,95,95,90,60,483,25,169,800000,1.3,4,4,40.0,1,Clefable,0.8191816237949711,0.829982268466684,2,Fully Evolved
31,39,45,20,115,45,25,20,270,170,26,800000,0.5,12,4,5.5,1,Jigglypuff,-2.8528262391690675,-0.05197674903836089,1,Baby
32,40,70,45,140,85,50,45,435,50,26,800000,1.0,12,4,12.0,1,Wigglytuff,0.039239124706389766,0.1643307526473705,3,
33,41,45,35,40,30,40,55,245,255,30,1000000,0.8,13,7,7.5,1,Zubat,-3.462266559221521,-0.20098121801531169,1,Baby
34,42,80,70,75,65,75,90,455,90,30,1000000,1.6,13,7,55.0,1,Golbat,0.417633984858623,-0.036330329500617556,3,
35,43,50,55,45,75,65,30,320,255,555,1059860,0.5,9,13,5.4,1,Oddish,-2.5473166937398477,-1.0840222936758426,1,Baby
36,44,65,70,60,85,75,40,395,120,555,1059860,0.8,9,13,8.6,1,Gloom,-0.8452090092774462,-1.0097759147016707,3,
37,45,80,85,75,110,90,50,490,45,187,1059860,1.2,9,13,18.6,1,Vileplume,0.9932407394080199,-0.711551378385426,3,
38,46,70,55,35,45,55,25,285,190,338,1000000,0.3,0,9,5.4,1,Paras,-2.8271067060364814,0.4671843639482465,1,Baby
39,47,95,80,60,60,80,30,405,75,338,1000000,1.0,0,9,29.5,1,Parasect,-0.40917090276900875,0.3428097124899098,3,
40,48,55,50,60,40,55,45,305,190,248,1000000,1.0,0,13,30.0,1,Venonat,-2.2957282214135097,0.07486838775238788,1,Baby
41,49,65,60,70,90,75,90,450,75,375,1000000,1.5,0,13,12.5,1,Venomoth,0.14539800922708535,0.5837300121322382,2,Fully Evolved
42,54,52,48,50,65,50,55,320,190,149,1000000,0.8,17,17,19.6,1,Psyduck,-2.1313273739202216,-1.9285581626019406,1,Baby
43,55,82,78,80,95,80,85,500,75,149,1000000,1.7,17,17,76.6,1,Golduck,1.1760112935449525,-1.8378550241342406,3,
44,56,80,35,40,35,45,70,305,190,362,1000000,0.5,5,5,28.0,1,Mankey,-2.5372526330788037,1.0009800980693329,1,Baby
45,57,105,60,65,60,70,95,455,75,362,1000000,1.0,5,5,32.0,1,Primeape,0.1269278881115515,1.1604149696623618,2,Fully Evolved
46,58,70,45,55,70,50,60,350,190,392,1250000,0.7,6,6,19.0,1,Growlithe,-1.6311603359567926,0.8160283705097896,1,Baby
47,59,110,80,90,100,80,95,555,75,285,1250000,1.9,6,6,155.0,1,Arcanine,2.3101351125169796,0.8896068055614788,2,Fully Evolved
48,60,50,40,40,40,40,90,300,255,502,1059860,0.6,17,17,12.4,1,Poliwag,-2.897167688030393,-1.7564131109685557,1,Baby
49,61,65,65,65,50,50,90,385,120,502,1059860,1.0,17,17,20.0,1,Poliwhirl,-0.9896461036199796,-1.8861778146041095,3,
50,62,95,95,90,70,90,70,510,45,502,1059860,1.3,17,5,54.0,1,Poliwrath,1.3038518678770465,-0.8048357245514194,3,
51,63,20,15,25,105,55,90,310,200,388,1059860,0.9,14,14,19.5,1,Abra,-2.401302026884184,-0.6696054897750436,1,Baby
52,64,35,30,40,120,70,105,400,100,388,1059860,1.3,14,14,56.5,1,Kadabra,-0.5499089312796851,-0.6085602993307503,3,
53,65,50,65,55,175,105,150,600,50,388,1059860,1.5,14,14,48.0,1,Alakazam,2.3185259342699145,-0.24469159412107877,2,Fully Evolved
54,66,80,50,70,35,35,35,305,180,494,1059860,0.8,5,5,19.5,1,Machop,-2.3003605275516246,0.4702589287896192,1,Baby
55,67,100,70,80,50,60,45,405,90,494,1059860,1.5,5,5,70.5,1,Machoke,-0.22564168769661408,0.39316763236492713,2,Fully Evolved
56,68,130,80,90,65,85,55,505,45,494,1059860,1.6,5,5,130.0,1,Machamp,1.5079145786564225,0.42831193439508747,2,Fully Evolved
57,69,75,35,50,70,30,40,300,255,187,1059860,0.7,9,13,4.0,1,Bellsprout,-2.7209757695686196,-0.46530061794278854,1,Baby
58,70,90,50,65,85,45,55,390,120,189,1059860,1.0,9,13,6.4,1,Weepinbell,-0.8271488089701541,-0.3351797714931097,1,Baby
59,71,105,65,80,100,70,70,490,45,189,1059860,1.7,9,13,15.5,1,Victreebel,1.0722171385879713,-0.30224295308420707,3,
60,72,40,35,40,50,100,70,335,190,260,1250000,0.9,17,13,45.5,1,Tentacool,-1.61547564606981,-1.3275426748677472,1,Baby
61,73,70,65,80,80,120,100,515,60,260,1250000,1.6,17,13,55.0,1,Tentacruel,1.5863584867770035,-1.1401850406126472,3,
62,77,85,55,50,65,65,90,410,190,174,1000000,1.0,6,6,30.0,1,Ponyta,-0.9615212742506705,0.9633954002907934,1,Baby
63,78,100,70,65,80,80,105,500,60,174,1000000,1.7,6,6,95.0,1,Rapidash,1.1774893632028742,0.9834415532009041,2,Fully Evolved
64,79,65,65,90,40,40,15,315,190,142,1000000,1.2,17,14,36.0,1,Slowpoke,-1.910488336235698,-2.2180123615542398,1,Baby
65,80,75,180,95,130,80,30,590,75,231,1000000,1.6,17,14,78.5,1,Slowbro,2.437237366475163,-2.7283372135705406,3,
66,81,35,70,25,95,55,45,325,190,312,1000000,0.3,3,16,6.0,1,Magnemite,-2.3503142790105818,-0.5293781347521227,1,Baby
67,82,60,95,50,120,70,70,465,60,312,1000000,1.0,3,16,60.0,1,Magneton,0.41519627839732814,-0.4112115442106544,3,
68,83,90,55,52,58,62,60,377,45,561,1000000,0.8,12,7,15.0,1,Farfetch'd,-0.8421608761806378,-0.24870318723916363,1,Baby
69,84,85,45,35,35,35,75,310,190,538,1000000,1.4,12,7,39.2,1,Doduo,-2.2415965691324113,-0.15907802239671312,1,Baby
70,85,110,70,60,60,60,110,470,45,533,1000000,1.8,12,7,85.2,1,Dodrio,0.7445060978237626,0.07592567799629997,2,Fully Evolved
71,86,45,55,65,45,70,45,325,190,433,1000000,1.1,17,17,90.0,1,Seel,-1.807607492351311,-2.55014882156848,1,Baby
72,87,70,80,90,70,95,70,475,75,433,1000000,1.7,17,11,120.0,1,Dewgong,0.947984808811544,-1.6744073035054645,3,
73,90,65,100,30,45,25,40,305,190,46,1250000,0.3,17,17,4.0,1,Shellder,-2.29385766879459,-2.0952804172556627,1,Baby
74,91,95,180,50,85,45,70,525,60,46,1250000,1.5,17,11,132.5,1,Cloyster,1.8258542758644336,-1.6358702928288134,3,
75,92,35,30,30,100,35,80,310,190,204,1059860,1.3,8,13,0.1,1,Gastly,-2.2708384676836375,0.08135055414974056,1,Baby
76,93,50,45,45,115,55,95,405,90,204,1059860,1.6,8,13,0.1,1,Haunter,-0.4663677592242075,0.18243276161126956,2,Fully Evolved
77,94,65,80,60,170,95,130,600,45,442,1059860,1.5,8,13,40.5,1,Gengar,2.3243012242479852,0.23696179599667294,2,Fully Evolved
78,95,45,160,35,30,45,70,385,45,406,1000000,8.8,15,10,210.0,1,Onix,1.9035421090658131,-2.5112779829606784,0,Legendary
79,96,48,45,60,43,90,42,328,190,240,1000000,1.0,14,14,32.4,1,Drowzee,-1.8742398395263047,-1.6552042224365653,1,Baby
80,97,73,70,85,73,115,67,483,75,240,1000000,1.6,14,14,75.6,1,Hypno,0.9817579975499906,-1.5339170784085867,3,
81,98,105,90,30,25,25,50,325,225,401,1000000,0.4,17,17,6.5,1,Krabby,-2.4788158888821217,-2.301183652890941,1,Baby
82,99,130,115,55,50,50,75,475,60,364,1000000,1.3,17,17,60.0,1,Kingler,0.6528309661653333,-2.1835050023250377,3,
83,100,30,50,40,55,55,100,330,190,23,1000000,0.5,3,3,10.4,1,Voltorb,-2.250707571772648,1.7902345554792878,1,Baby
84,101,50,70,60,80,80,150,490,60,23,1000000,1.2,3,3,66.6,1,Electrode,0.7343881034417308,2.16221577356043,2,Fully Evolved
85,102,40,80,60,60,45,40,325,90,151,1250000,0.4,9,14,2.5,1,Exeggcute,-1.5422101253596965,-0.8549846795512335,1,Baby
86,104,50,95,50,40,50,35,320,190,297,1000000,0.4,10,10,6.5,1,Cubone,-2.311155561780573,-0.9938004930721427,1,Baby
87,106,120,53,50,35,110,87,455,45,269,1000000,1.5,5,5,49.8,1,Hitmonlee,0.5233158879581574,1.0043267995533307,2,Fully Evolved
88,107,105,79,50,35,110,76,455,45,390,1000000,1.4,5,5,50.2,1,Hitmonchan,0.47947417463123243,0.585133534318618,2,Fully Evolved
89,108,55,75,90,60,75,30,385,45,286,1000000,1.2,12,12,65.5,1,Lickitung,-0.306920484637859,-1.4539071886030663,3,
90,109,65,95,40,60,45,35,340,190,374,1000000,0.6,13,13,1.0,1,Koffing,-2.026894571630219,-1.5953966671300672,1,Baby
91,110,90,120,65,85,70,60,490,60,374,1000000,1.2,13,13,9.5,1,Weezing,0.7435361248353858,-1.4407423563444681,3,
92,111,85,95,80,30,30,25,345,120,471,1250000,1.0,10,15,115.0,1,Rhyhorn,-0.9873715303845463,-1.714976377410014,1,Baby
93,112,130,120,105,45,45,40,485,60,147,1250000,1.9,10,15,120.0,1,Rhydon,1.5040423630528017,-1.4624791001362099,3,
94,113,5,5,250,35,105,50,450,30,151,800000,1.1,12,12,34.6,1,Chansey,0.6010701745708692,-1.3267486765980172,3,
95,114,55,115,65,100,40,60,435,45,546,1000000,1.0,9,9,35.0,1,Tangela,-0.01590810552069746,-0.5547872743239101,3,
96,115,125,100,105,60,100,100,590,45,358,1000000,2.2,12,12,80.0,1,Kangaskhan,2.61247878283403,-0.9267873951433607,3,
97,116,40,70,30,70,25,60,295,225,144,1000000,0.4,17,17,8.0,1,Horsea,-2.8437923896116275,-1.9263772857128088,1,Baby
98,117,65,95,55,95,45,85,440,75,144,1000000,1.2,17,17,25.0,1,Seadra,0.02007510908532263,-1.7716358336759448,3,
99,118,67,60,45,35,50,63,320,225,212,1000000,0.6,17,17,15.0,1,Goldeen,-2.3970225458889813,-2.0319707022881333,1,Baby
100,119,92,65,80,65,80,68,450,60,212,1000000,1.3,17,17,39.0,1,Seaking,0.40610024120246746,-1.9552836333166392,3,
101,120,45,55,30,70,55,85,340,225,484,1250000,0.8,17,17,34.5,1,Staryu,-1.9289602058962012,-1.7240854585779495,1,Baby
102,121,75,85,60,100,85,115,520,60,340,1250000,1.1,17,14,80.0,1,Starmie,1.440877868137926,-1.080693760222149,3,
103,122,45,65,40,100,120,90,460,45,28,1000000,1.3,14,4,54.5,1,Mr. Mime,0.6071852425811408,0.2666391741806083,2,Fully Evolved
104,123,110,80,70,55,80,105,500,45,314,1000000,1.5,0,7,56.0,1,Scyther,1.0410250124749525,1.3403287773318677,2,Fully Evolved
105,124,50,35,65,115,95,95,455,45,238,1000000,1.4,11,14,40.6,1,Jynx,0.47769139928961607,-0.4156268208082283,3,
106,125,83,57,65,95,85,105,490,45,156,1000000,1.1,3,3,30.0,1,Electabuzz,0.7824962438834867,1.913051643110126,2,Fully Evolved
107,126,95,57,65,100,85,93,495,45,476,1000000,1.3,6,6,44.5,1,Magmar,0.9071228969904812,0.9145509952570571,2,Fully Evolved
108,127,155,120,65,65,90,105,600,45,480,1250000,1.5,0,0,55.0,1,Pinsir,2.560866196411972,2.1678773554501642,2,Fully Evolved
109,128,100,95,75,40,70,110,490,45,560,1250000,1.4,12,12,88.4,1,Tauros,1.1571015112369252,-0.7088848677628015,3,
110,129,10,55,20,15,20,80,200,255,179,1250000,0.9,17,17,10.0,1,Magikarp,-3.9405843844947177,-1.7816909504880494,1,Baby
111,130,155,109,95,70,130,81,640,45,15,1250000,6.5,17,7,235.0,1,Gyarados,5.266251996343159,-1.1424065799884613,0,Legendary
112,131,85,80,130,85,95,60,535,45,528,1250000,2.5,17,11,220.0,1,Lapras,2.645589314676141,-1.781162342550001,3,
113,132,48,48,48,48,48,48,288,35,527,1000000,0.3,12,12,4.0,1,Ditto,-2.1409551116603693,-0.9989993941094074,1,Baby
114,133,55,50,55,45,65,55,325,45,166,1000000,0.3,12,12,6.5,1,Eevee,-1.584411104137303,-0.7745035294230042,1,Baby
115,134,65,60,130,110,95,65,525,45,69,1000000,1.0,17,17,29.0,1,Vaporeon,1.4890438443063376,-1.8508692459335443,3,
116,135,65,60,65,110,95,130,525,45,289,1000000,0.8,3,3,24.5,1,Jolteon,1.0676923693242786,2.065537125534918,2,Fully Evolved
117,136,130,60,65,95,110,65,525,45,183,1000000,0.9,6,6,25.0,1,Flareon,1.3217536847916116,0.859831400679953,2,Fully Evolved
118,137,60,70,65,85,75,40,395,45,547,1000000,0.8,12,12,36.5,1,Porygon,-0.47608911230549295,-1.261901235571968,3,
119,138,40,100,35,90,55,35,355,45,474,1000000,0.4,15,17,7.5,1,Omanyte,-1.2347717515703476,-2.3137601573736384,3,
120,139,60,125,70,115,70,55,495,45,474,1000000,1.0,15,17,35.0,1,Omastar,0.8790404309740326,-2.3073498782804918,3,
121,140,80,90,30,55,45,55,355,45,448,1000000,0.5,15,17,11.5,1,Kabuto,-1.2439226712909426,-2.0025606292113287,3,
122,141,115,105,60,65,70,80,495,45,448,1000000,1.3,15,17,40.5,1,Kabutops,0.9311615036031325,-1.9191562569943958,3,
123,142,135,85,80,70,95,150,615,45,194,1250000,1.8,15,7,59.0,1,Aerodactyl,2.9135927573775717,0.4667797506024077,2,Fully Evolved
124,143,110,65,160,65,110,30,540,25,457,1250000,2.1,12,12,460.0,1,Snorlax,3.429966158958497,-1.8805043901136989,0,Legendary
125,144,85,100,90,95,125,85,580,3,197,1250000,1.7,11,7,55.4,1,Articuno,2.7708704644028237,-0.013448448227487125,2,Fully Evolved
126,145,90,85,90,125,90,100,580,3,156,1250000,1.6,3,7,52.6,1,Zapdos,2.6406094396630753,1.3753086234217857,2,Fully Evolved
127,146,100,90,90,125,85,90,580,3,183,1250000,2.0,6,7,60.0,1,Moltres,2.7928441207814108,0.9055399375919871,2,Fully Evolved
128,147,64,45,41,50,50,50,300,45,144,1250000,1.8,2,2,3.3,1,Dratini,-1.333659165467708,1.7469047788019452,1,Baby
129,148,84,65,61,70,70,70,420,45,144,1250000,4.0,2,2,16.5,1,Dragonair,0.9110442035264971,1.6833523354220163,2,Fully Evolved
130,149,134,95,91,100,100,80,600,45,144,1250000,2.2,2,7,210.0,1,Dragonite,3.3440654824375957,0.9568828854543784,0,Legendary
131,150,150,70,106,194,120,140,780,3,207,1250000,2.0,14,14,122.0,1,Mewtwo,5.603240881598909,0.027289399095253398,0,Legendary
132,151,100,100,100,100,100,100,600,45,344,1059860,0.4,14,14,4.0,1,Mew,2.1093325408860317,-1.0336450213453827,3,
133,152,49,65,45,49,65,45,318,45,283,1059860,0.9,9,9,6.4,2,Chikorita,-1.4733785534023318,-0.24988913087620948,1,Baby
134,153,62,80,60,63,80,60,405,45,283,1059860,1.2,9,9,15.8,2,Bayleef,-0.20703678187898153,-0.2106279308422857,3,
135,154,82,100,80,83,100,80,525,45,230,1059860,1.8,9,9,100.5,2,Meganium,1.7832083731128912,-0.21832668406407976,3,
136,155,52,43,39,60,50,65,309,45,175,1059860,0.5,6,6,7.9,2,Cyndaquil,-1.7526687428880399,1.0142877638637409,1,Baby
137,156,64,58,58,80,65,80,405,45,548,1059860,0.9,6,6,19.0,2,Quilava,-0.418689558935013,0.825457873976545,2,Fully Evolved
138,157,84,78,78,109,85,100,534,45,548,1059860,1.7,6,6,79.5,2,Typhlosion,1.673801792381889,0.8358136128837819,2,Fully Evolved
139,158,65,64,50,44,48,43,314,45,41,1059860,0.6,17,17,9.5,2,Totodile,-1.517702723847881,-1.8884008272600643,1,Baby
140,159,80,80,65,59,63,58,405,45,41,1059860,1.1,17,17,25.0,2,Croconaw,-0.1272825693196254,-1.868416469611133,3,
141,160,105,100,85,79,83,78,530,45,41,1059860,2.3,17,17,88.8,2,Feraligatr,2.0328186407878333,-1.9095272259322478,3,
142,161,46,34,35,35,45,20,215,255,425,1000000,0.8,12,12,6.0,2,Sentret,-3.860543315582733,-1.2076688447322785,1,Baby
143,162,76,64,85,45,55,90,415,90,298,1000000,1.8,12,12,32.5,2,Furret,-0.17195585061984614,-0.6172043113509185,3,
144,163,30,30,60,36,56,50,262,255,354,1000000,0.7,12,7,21.2,2,Hoothoot,-3.232171268647508,-0.32407747052206914,1,Baby
145,164,50,50,100,86,96,70,452,90,354,1000000,1.6,12,7,40.8,2,Noctowl,0.3910912171633636,-0.18730564663127436,3,
146,165,20,30,40,40,80,55,265,255,180,800000,1.0,0,7,10.8,2,Ledyba,-3.3375351907612485,0.9141097525131837,1,Baby
147,166,35,50,55,55,110,85,390,90,180,800000,1.4,0,7,35.6,2,Ledian,-0.7773612307841663,1.1002850112250522,2,Fully Evolved
148,167,60,40,40,40,40,30,250,255,488,800000,0.5,0,13,8.5,2,Spinarak,-3.7426538508703673,-0.08473982768074495,1,Baby
149,168,90,70,70,60,70,40,400,90,299,800000,1.1,0,13,33.5,2,Ariados,-0.6809455199441234,-0.030685342896699087,3,
150,169,90,80,85,70,80,130,535,90,30,1000000,1.8,13,7,75.0,2,Crobat,1.5322282761232404,0.38061747686531244,2,Fully Evolved
151,170,38,38,75,56,56,67,330,190,3,1250000,0.5,17,3,12.0,2,Chinchou,-1.7992261918143453,0.30023090604798197,1,Baby
152,171,58,58,125,76,76,67,460,75,288,1250000,1.2,17,3,22.5,2,Lanturn,0.6908640078248722,-0.019691020444570443,3,
153,172,40,15,20,35,35,60,205,190,517,1000000,0.3,3,3,2.0,2,Pichu,-4.0320899861098605,1.4934322113533367,1,Baby
154,173,25,28,50,45,55,15,218,150,482,800000,0.3,4,4,3.0,2,Cleffa,-3.686239686046834,0.487517432212694,1,Baby
155,174,30,15,90,40,20,15,210,170,26,800000,0.3,12,4,1.0,2,Igglybuff,-3.729167358535549,0.0375448512141266,1,Baby
156,175,20,65,35,40,65,20,245,190,470,800000,0.3,4,4,1.5,2,Togepi,-3.542989261077475,0.21537452548748756,1,Baby
157,176,40,85,55,80,105,40,405,75,223,800000,0.6,4,7,3.2,2,Togetic,-0.7226486051704567,0.1588122345168765,3,
158,177,50,45,40,70,45,70,320,190,293,1000000,0.2,14,7,2.0,2,Natu,-2.425317390543186,-0.05371633571460191,1,Baby
159,178,75,70,65,95,70,95,470,75,341,1000000,1.5,14,7,15.0,2,Xatu,0.47232970706456306,0.007168011051114389,2,Fully Evolved
160,179,40,40,55,65,45,35,280,235,572,1059860,0.6,3,3,7.8,2,Mareep,-2.984976176573407,1.0417062161025994,1,Baby
161,180,55,55,70,80,60,45,365,120,572,1059860,0.8,3,3,13.3,2,Flaaffy,-1.255182221214265,1.1140350420011846,1,Baby
162,181,95,105,90,165,110,45,610,45,288,1059860,1.4,3,3,61.5,2,Ampharos,2.775813488467766,1.1375824779290613,2,Fully Evolved
163,182,80,95,75,90,100,50,490,45,187,1059860,0.4,9,9,5.8,2,Bellossom,0.7674842293649685,-0.21412326233667534,3,
164,183,20,50,70,20,50,40,250,190,7,800000,0.4,17,4,8.5,2,Marill,-3.280063664901923,-0.6767282100442319,1,Baby
165,184,50,80,100,60,80,50,420,75,8,800000,0.8,17,4,28.5,2,Azumarill,-0.2904266044237371,-0.6709655922586296,3,
166,185,100,115,70,30,65,30,410,65,247,1000000,1.2,15,15,38.0,2,Sudowoodo,-0.13706246081569784,-2.2132731551557407,3,
167,186,75,75,90,90,100,70,500,45,200,1059860,1.1,17,17,33.9,2,Politoed,1.175898330333799,-1.8611591322623715,3,
168,187,35,40,35,35,55,50,250,255,114,1059860,0.4,9,7,0.5,2,Hoppip,-3.464575999643944,0.21807795295435883,1,Baby
169,188,45,50,55,45,65,80,340,120,114,1059860,0.6,9,7,1.0,2,Skiploom,-1.63652314970565,0.5216660995350012,1,Baby
170,189,55,70,75,55,95,110,460,45,114,1059860,0.8,9,7,3.0,2,Jumpluff,0.34739021381704555,0.6600698498029292,2,Fully Evolved
171,190,70,55,55,40,55,85,360,45,302,800000,0.8,12,12,11.5,2,Aipom,-1.2481996129947384,-0.6192857676692217,1,Baby
172,191,30,30,30,30,30,30,180,235,440,1059860,0.3,9,9,1.8,2,Sunkern,-4.3981005801669895,-0.30856415702003587,1,Baby
173,192,75,55,75,105,85,30,425,120,492,1059860,0.8,9,9,8.5,2,Sunflora,-0.346399268479433,-0.3049600612533938,3,
174,193,65,45,65,75,45,95,390,75,97,1000000,1.2,0,7,38.0,2,Yanma,-0.6385942654344771,1.7983059878531729,2,Fully Evolved
175,194,45,45,55,25,25,15,210,255,551,1000000,0.4,17,10,8.5,2,Wooper,-4.033584787396114,-1.6905418924196742,1,Baby
176,195,85,85,95,65,65,35,430,90,551,1000000,1.4,17,10,75.0,2,Quagsire,0.13010984186795316,-1.7424428133154373,3,
177,196,65,60,65,130,95,110,525,45,492,1000000,0.9,14,14,26.5,2,Espeon,1.1634803884941245,-0.667774445988101,3,
178,197,65,110,95,60,130,65,525,45,331,1000000,1.0,1,1,27.0,2,Umbreon,1.3527827540166673,1.2144342860412716,2,Fully Evolved
179,198,85,42,60,85,42,91,405,30,124,1059860,0.5,1,7,2.1,2,Murkrow,-0.46420652952056035,1.9361699956578335,2,Fully Evolved
180,199,75,80,95,100,110,30,490,70,410,1000000,2.0,17,14,79.5,2,Slowking,1.2997686546448572,-2.239042866740583,3,
181,200,60,60,60,85,85,85,435,45,426,800000,0.7,8,8,1.0,2,Misdreavus,-0.30972625679658783,0.2669556584971707,2,Fully Evolved
182,201,72,48,48,72,48,48,336,225,500,1000000,0.5,14,14,5.0,2,Unown,-2.25605989903606,-1.3018184705717586,1,Baby
183,202,33,58,190,33,58,33,405,45,359,1000000,1.3,14,14,28.5,2,Wobbuffet,0.020025653649578125,-1.949378929132244,3,
184,203,80,65,70,90,65,85,455,60,300,1000000,1.5,12,14,41.5,2,Girafarig,0.43662360399303,-0.7244172920641951,3,
185,204,65,90,50,35,35,15,290,190,22,1000000,0.6,0,0,7.2,2,Pineco,-2.5747153073776547,1.4953140478101163,1,Baby
186,205,90,140,75,60,60,40,465,75,22,1000000,1.2,0,16,125.8,2,Forretress,0.7281418975165416,-0.6996220534482355,3,
187,206,70,70,100,65,65,45,415,190,276,1000000,1.5,12,12,14.0,2,Dunsparce,-0.6086928386623114,-1.1131687464908666,3,
188,207,75,105,65,35,65,85,430,60,190,1059860,1.1,10,7,64.8,2,Gligar,0.10070018868698771,-0.027644640048353906,3,
189,208,125,230,75,55,95,30,610,25,258,1000000,9.2,16,10,400.0,2,Steelix,5.835192905676678,-3.470148510325104,0,Legendary
190,209,80,50,60,40,40,30,300,190,169,800000,0.6,4,4,7.8,2,Snubbull,-2.640865563949388,0.808585637364608,1,Baby
191,210,120,75,90,60,60,45,450,75,169,800000,1.4,4,4,48.7,2,Granbull,0.2262276034744362,0.8314659656338318,2,Fully Evolved
192,211,95,85,65,55,55,85,440,45,26,1000000,0.5,17,13,3.9,2,Qwilfish,-0.006387307024218508,-1.032097767811339,3,
193,212,150,140,70,65,100,75,600,25,364,1000000,1.8,0,16,118.0,2,Scizor,2.789905445133776,-0.45853288380515167,3,
194,213,10,230,20,10,230,5,505,190,328,1059860,0.6,0,15,20.5,2,Shuckle,0.4697694799219328,-2.472548053461962,3,
195,214,185,115,80,40,105,75,600,45,452,1250000,1.5,0,5,54.0,2,Heracross,2.7065640426556796,1.314711920080365,2,Fully Evolved
196,215,95,55,55,35,75,115,430,60,444,1059860,0.9,1,11,28.0,2,Sneasel,-0.18886790940427725,1.058756187292112,2,Fully Evolved
197,216,80,50,60,50,50,40,330,120,292,1000000,0.6,12,12,8.8,2,Teddiursa,-1.7465224441857223,-0.8408280614779228,1,Baby
198,217,130,75,90,75,75,55,500,60,232,1000000,1.8,12,12,125.8,2,Ursaring,1.463916770795534,-0.9000158344140545,3,
199,218,40,40,40,70,40,20,250,190,281,1000000,0.7,6,6,35.0,2,Slugma,-3.053157098562204,0.3647370092288556,1,Baby
200,219,50,120,60,90,80,30,430,75,281,1000000,0.8,6,15,55.0,2,Magcargo,-0.03736127223499109,-1.2610974360786027,3,
201,220,50,40,50,30,30,50,250,225,363,1250000,0.4,11,10,6.5,2,Swinub,-3.196926124303795,-0.3065303162130966,1,Baby
202,221,100,80,100,60,60,50,450,75,496,1250000,1.1,11,10,55.8,2,Piloswine,0.5259169066117807,-0.6048459009021167,3,
203,222,55,95,65,65,95,35,410,60,110,800000,0.6,17,15,5.0,2,Corsola,-0.49245189999022776,-2.288007589754473,3,
204,223,65,35,35,65,35,65,300,190,261,1000000,0.6,17,17,12.0,2,Remoraid,-2.534687361877888,-1.571416289136655,1,Baby
205,224,105,75,75,105,75,45,480,75,261,1000000,0.9,17,17,28.5,2,Octillery,0.6475305287177278,-1.9476022311714172,3,
206,225,55,45,45,65,45,75,330,45,129,800000,0.9,11,7,16.0,2,Delibird,-1.5751563491723908,0.2762570778544945,1,Baby
207,226,40,70,85,80,140,70,485,25,271,1250000,2.1,17,7,220.0,2,Mantine,2.004862028095878,-1.0248853906227295,3,
208,227,80,140,65,40,70,70,465,25,10,1250000,1.7,16,7,50.5,2,Skarmory,1.127165488441838,-0.8162484027272998,3,
209,228,60,30,45,80,50,65,330,120,123,1250000,0.6,1,6,10.8,2,Houndour,-1.5890200384506419,1.8560182830364709,1,Baby
210,229,90,90,75,140,90,115,600,45,123,1250000,1.4,1,6,35.0,2,Houndoom,2.580262905765357,2.0462474567748767,2,Fully Evolved
211,230,95,95,75,95,95,85,540,45,144,1000000,1.8,17,2,152.0,2,Kingdra,2.0851142739882538,-0.05141058345202787,2,Fully Evolved
212,231,60,60,90,40,40,40,330,120,301,1000000,0.5,10,10,33.5,2,Phanpy,-1.702191701490777,-0.5957980854986517,1,Baby
213,232,120,120,90,60,60,50,500,60,11,1000000,1.1,10,10,120.0,2,Donphan,1.2718269998589,-0.6644180146648119,3,
214,233,80,90,85,105,95,60,515,45,547,1000000,0.6,12,12,32.5,2,Porygon2,1.078148791139569,-1.0341508065075073,3,
215,234,95,62,73,85,65,85,465,45,40,1250000,1.4,12,12,71.2,2,Stantler,0.9870642692527088,-0.1067217496863206,2,Fully Evolved
216,235,20,35,55,20,45,75,250,45,355,800000,1.2,12,12,58.0,2,Smeargle,-2.4897494928139183,-0.9018868108151211,1,Baby
217,236,35,35,35,35,35,35,210,75,427,1000000,0.7,5,5,21.0,2,Tyrogue,-3.1910642488395657,0.6503817661889371,1,Baby
218,237,95,95,50,35,110,70,455,45,222,1000000,1.4,5,5,48.0,2,Hitmontop,0.5397579544705188,0.5804056723984663,2,Fully Evolved
219,238,30,15,45,85,65,65,305,45,270,1000000,0.4,11,14,6.0,2,Smoochum,-1.8624035246573356,-0.44461826589699477,1,Baby
220,239,63,37,45,65,55,95,360,45,156,1000000,0.6,3,3,23.5,2,Elekid,-1.1217821865276374,2.037943411508324,2,Fully Evolved
221,240,75,37,45,70,55,83,365,45,294,1000000,0.7,6,6,21.4,2,Magby,-1.0226545603742117,1.1812300479665545,1,Baby
222,241,80,105,95,40,70,100,490,45,324,1250000,1.2,12,12,75.5,2,Miltank,1.1891634480966284,-0.7026280463101151,3,
223,242,10,10,255,75,135,55,540,30,223,800000,1.5,12,12,46.8,2,Blissey,1.9754013790582794,-1.2284980256689157,3,
224,243,85,75,90,115,100,115,580,3,510,1250000,1.9,3,3,178.0,2,Raikou,2.9514441575152546,1.7198046690409863,2,Fully Evolved
225,244,115,85,115,90,75,100,580,3,548,1250000,2.1,6,6,198.0,2,Entei,3.101500354191282,0.7617505432216012,2,Fully Evolved
226,245,75,115,100,90,115,85,580,3,18,1250000,2.0,17,17,187.0,2,Suicune,3.2631785553092945,-2.044528717084413,3,
227,246,64,50,50,45,50,41,300,45,405,1250000,0.6,15,10,72.0,2,Larvitar,-1.4548259459534114,-0.8838582277769467,1,Baby
228,247,84,70,70,65,70,51,410,45,225,1250000,1.2,15,10,152.0,2,Pupitar,0.4446313838659995,-0.9091934827761113,3,
229,248,164,150,100,95,120,71,700,45,11,1250000,2.0,15,1,202.0,2,Tyranitar,4.745152287310045,0.0350401762180145,0,Legendary
230,249,90,130,106,90,154,110,680,3,140,1250000,5.2,14,7,216.0,2,Lugia,5.510895038885398,-0.7307152242262027,0,Legendary
231,250,130,90,106,110,154,90,680,3,394,1250000,3.8,6,7,199.0,2,Ho-Oh,5.058678128027389,0.37923824978024023,0,Legendary
232,251,100,100,100,100,100,100,600,45,513,1059860,0.6,14,9,5.0,2,Celebi,2.146068278126669,-0.42602215543952904,3,
233,252,45,35,40,65,55,70,310,45,570,1059860,0.5,9,9,5.0,3,Treecko,-1.8113046026186377,0.2610000596960281,1,Baby
234,253,65,45,50,85,65,95,405,45,570,1059860,0.9,9,9,21.6,3,Grovyle,-0.42634249378038047,0.49032590143224714,2,Fully Evolved
235,254,110,75,70,145,85,145,630,45,192,1059860,1.7,9,9,52.2,3,Sceptile,2.8901155371665594,1.2069562323137568,2,Fully Evolved
236,255,60,40,45,70,50,45,310,45,90,1059860,0.4,6,6,2.5,3,Torchic,-1.6818905629482075,1.0498118937690506,1,Baby
237,256,85,60,60,85,60,55,405,45,576,1059860,0.9,6,5,19.5,3,Combusken,-0.3453092444611531,0.8563744381772771,2,Fully Evolved
238,257,160,80,80,130,80,100,630,45,51,1059860,1.9,6,5,52.0,3,Blaziken,3.0896786570665697,1.7066907366550437,2,Fully Evolved
239,258,70,50,50,50,50,40,310,45,335,1059860,0.4,17,17,7.6,3,Mudkip,-1.665449862529942,-1.8525220522702628,1,Baby
240,259,85,70,70,60,70,50,405,45,335,1059860,0.7,17,10,28.0,3,Marshtomp,-0.24279418076059503,-1.0635585258220697,3,
241,260,150,110,100,95,110,70,635,45,335,1059860,1.5,17,10,81.9,3,Swampert,3.2191270420518383,-1.0994457400799853,3,
242,261,55,35,35,30,30,35,220,255,45,1000000,0.5,1,1,13.6,3,Poochyena,-3.8453213575524425,1.9040323396658327,1,Baby
243,262,90,70,70,60,60,70,420,127,45,1000000,1.0,1,1,37.0,3,Mightyena,-0.4141214991846285,2.09620539635915,2,Fully Evolved
244,263,30,41,38,30,41,60,240,255,519,1000000,0.4,12,12,17.5,3,Zigzagoon,-3.7143647721674085,-0.857038287537605,1,Baby
245,264,70,61,78,50,61,100,420,90,413,1000000,0.5,12,12,32.5,3,Linoone,-0.5004904362512301,-0.37972412776998593,3,
246,265,45,35,45,20,30,20,195,255,574,1000000,0.3,0,0,3.6,3,Wurmple,-4.342122207362822,1.5954831725943006,1,Baby
247,266,35,55,50,25,25,15,205,120,100,1000000,0.6,0,0,10.0,3,Silcoon,-3.3890563867003145,1.7310476045128764,1,Baby
248,267,70,50,60,100,50,65,395,45,74,1000000,1.0,0,7,28.4,3,Beautifly,-0.4230360508223418,1.7129990599808642,2,Fully Evolved
249,268,35,55,50,25,25,15,205,120,100,1000000,0.7,0,0,11.5,3,Cascoon,-3.357500788650443,1.7219883162506935,1,Baby
250,269,50,70,60,50,90,65,385,45,375,1000000,1.2,0,13,31.6,3,Dustox,-0.5232254053155595,0.23457818007561937,3,
251,270,30,30,40,40,50,30,220,255,553,1059860,0.5,17,9,2.6,3,Lotad,-3.833906223328762,-1.1991486988695215,1,Baby
252,271,50,50,60,60,70,50,340,120,263,1059860,1.2,17,9,32.5,3,Lombre,-1.2903743343559313,-0.9231826857957498,1,Baby
253,272,70,70,80,90,100,70,480,45,78,1059860,1.5,17,9,55.0,3,Ludicolo,1.108200728685741,-0.6976779925150989,3,
254,273,40,50,40,30,30,30,220,255,1,1059860,0.5,9,9,4.0,3,Seedot,-3.7607390492391084,-0.0950934316773814,1,Baby
255,274,70,40,70,60,40,60,340,120,565,1059860,1.0,9,1,28.0,3,Nuzleaf,-1.502075922671382,1.0848463719335448,1,Baby
256,275,100,60,90,90,60,80,480,45,559,1059860,1.3,9,1,59.6,3,Shiftry,0.8655446993666569,1.2474764853939613,2,Fully Evolved
257,276,55,30,40,30,30,85,270,200,522,1059860,0.3,12,7,2.3,3,Taillow,-3.140309993546381,0.31603980941442084,1,Baby
258,277,85,60,60,75,50,125,455,45,495,1059860,0.7,12,7,19.8,3,Swellow,0.13098288128626143,0.7357417036723127,2,Fully Evolved
259,278,30,30,40,55,30,85,270,190,438,1000000,0.6,17,7,9.5,3,Wingull,-3.01647639901433,-0.218937180381543,1,Baby
260,279,50,100,60,95,70,65,440,45,549,1000000,1.2,17,7,28.0,3,Pelipper,0.18416547102000494,-0.9237391224452315,3,
261,280,25,25,28,45,35,40,198,235,172,1250000,0.4,14,4,6.6,3,Ralts,-3.8579115542907387,0.34500068984969534,1,Baby
262,281,35,35,38,65,55,50,278,120,161,1250000,0.8,14,4,20.2,3,Kirlia,-2.1160063645194307,0.43273651191065093,1,Baby
263,282,85,65,68,165,135,100,618,45,160,1250000,1.6,14,4,48.4,3,Gardevoir,3.0623722196210963,0.938432255001293,2,Fully Evolved
264,283,30,32,40,50,52,65,269,200,378,1000000,0.5,0,17,1.7,3,Surskit,-3.0971173588052636,0.08778974725764231,1,Baby
265,284,60,62,70,100,82,80,454,75,167,1000000,0.8,0,7,3.6,3,Masquerain,0.10102224607800904,1.6121614645244924,2,Fully Evolved
266,285,40,60,60,40,60,35,295,255,338,1640000,0.4,9,9,4.5,3,Shroomish,-2.278179646195234,0.0201409646061102,1,Baby
267,286,130,80,60,60,60,70,460,90,338,1640000,1.2,9,5,39.2,3,Breloom,0.8945266015041033,1.085620328944076,2,Fully Evolved
268,287,60,60,60,35,35,30,280,255,456,1250000,0.8,12,12,24.0,3,Slakoth,-2.7136161212136556,-1.0241089240118455,1,Baby
269,288,80,80,80,55,55,90,440,120,562,1250000,1.4,12,12,46.5,3,Vigoroth,0.12688524106188712,-0.5671558196692583,3,
270,289,160,100,150,95,65,100,670,45,282,1250000,2.0,12,12,130.5,3,Slaking,4.063767025417189,-0.27716202537707474,0,Legendary
271,290,45,90,31,30,30,40,266,255,526,600000,0.5,0,10,5.5,3,Nincada,-3.7857960222697544,-0.0785852349270576,1,Baby
272,291,90,45,61,50,50,160,456,120,345,600000,0.8,0,7,12.0,3,Ninjask,-0.696312176742323,2.132902056436207,2,Fully Evolved
273,292,90,45,1,30,30,40,236,45,445,600000,0.8,0,8,1.2,3,Shedinja,-3.165963885661359,0.8384949661940094,1,Baby
274,293,51,23,64,51,23,28,240,190,557,1059860,0.6,12,12,16.3,3,Whismur,-3.223555883427088,-0.8538485048798191,1,Baby
275,294,71,43,84,71,43,48,360,120,42,1059860,1.0,12,12,40.5,3,Loudred,-1.0150388316987928,-0.4441202671658786,1,Baby
276,295,91,63,104,91,73,68,490,45,305,1059860,1.5,12,12,84.0,3,Exploud,1.2511870460599521,-0.5771790502868239,3,
277,296,60,30,72,20,30,25,237,180,220,1640000,1.0,5,5,86.4,3,Makuhita,-2.3124046136602723,1.0909270743656463,1,Baby
278,297,120,60,144,40,60,50,474,200,9,1640000,2.3,5,5,253.8,3,Hariyama,1.662983903611392,1.0107704475989132,0,Legendary
279,298,20,40,50,20,40,20,190,150,377,800000,0.2,12,4,2.0,3,Azurill,-4.049213792771095,-0.30236246061376193,1,Baby
280,299,45,135,30,45,90,30,375,255,106,1000000,1.0,15,15,97.0,3,Nosepass,-1.3540518382409612,-2.46424424318247,1,Baby
281,300,45,45,50,35,35,50,260,255,272,800000,0.6,12,12,11.0,3,Skitty,-3.5017287147452274,-0.920462749444997,1,Baby
282,301,65,65,70,55,55,90,400,60,383,800000,1.1,12,12,32.6,3,Delcatty,-0.6426675332416998,-0.6314540539420836,3,
283,302,85,125,50,85,115,20,480,45,124,1059860,0.5,1,8,11.0,3,Sableye,0.7228349063884847,0.35649186089517015,3,
284,303,105,125,50,55,95,50,480,45,126,800000,0.6,16,4,11.5,3,Mawile,0.47565576004580595,-0.6289252380534072,3,
285,304,70,100,50,40,40,30,330,180,253,1250000,0.4,16,15,60.0,3,Aron,-1.6905901174723477,-1.92247351274863,1,Baby
286,305,90,140,60,50,50,40,430,90,253,1250000,0.9,16,15,120.0,3,Lairon,0.32352790507364554,-2.11891696822217,3,
287,306,140,230,70,60,80,50,630,45,253,1250000,2.1,16,15,360.0,3,Aggron,4.121894694641385,-2.9487807078134116,0,Legendary
288,307,40,55,30,40,55,60,280,180,318,1000000,0.6,5,14,11.2,3,Meditite,-2.7815399564575585,-0.26038789709097215,1,Baby
289,308,100,85,60,80,85,100,510,90,318,1000000,1.3,5,14,31.5,3,Medicham,0.9150945132638582,0.11345712067706747,2,Fully Evolved
290,309,45,40,40,65,40,65,295,120,289,1250000,0.6,3,3,15.2,3,Electrike,-2.08334220422023,1.867705838525085,1,Baby
291,310,75,80,70,135,80,135,575,45,137,1250000,1.5,3,3,40.2,3,Manectric,2.2460654097291513,2.534578410074679,2,Fully Evolved
292,311,50,40,60,85,75,95,405,200,88,1000000,0.4,3,3,4.2,3,Plusle,-1.2425713966029888,2.0663195202593614,1,Baby
293,312,40,50,60,75,85,95,405,200,88,1000000,0.4,3,3,4.2,3,Minun,-1.2356946156419748,1.8946349638766518,1,Baby
294,313,73,75,65,47,85,85,430,150,177,600000,0.7,0,0,17.7,3,Volbeat,-0.9399417749853801,1.9416719478682423,2,Fully Evolved
295,314,47,75,65,73,85,85,430,150,177,1640000,0.6,0,0,17.7,3,Illumise,-0.004387054841342019,2.7182505318616332,2,Fully Evolved
296,315,60,45,50,100,80,65,400,150,508,1059860,0.3,9,13,2.0,3,Roselia,-1.0750631435010825,-0.274395789388422,1,Baby
297,316,43,53,70,43,53,40,302,225,486,1640000,0.4,13,13,10.3,3,Gulpin,-2.0585623679899996,-0.8679779148408825,1,Baby
298,317,73,83,100,73,83,55,467,75,372,1640000,1.7,13,13,80.0,3,Swalot,1.4115617602130515,-0.8862878754468929,3,
299,318,90,20,45,65,20,65,305,225,417,1250000,0.8,17,1,20.8,3,Carvanha,-2.328313749881078,0.7997172141945741,1,Baby
300,319,140,70,70,110,65,105,560,60,66,1250000,1.8,17,1,88.8,3,Sharpedo,2.3254117138453934,1.1562440901945832,2,Fully Evolved
301,320,70,35,130,70,35,60,400,125,25,1640000,2.0,17,17,130.0,3,Wailmer,0.5906076534556632,-1.2415649776559328,3,
302,321,90,45,170,90,45,60,500,60,185,1640000,14.5,17,17,398.0,3,Wailord,6.388342584274398,-2.565286768729838,0,Legendary
303,322,60,40,60,65,45,35,305,255,346,1000000,0.7,6,10,24.0,3,Numel,-2.6307734872817585,0.04953535629332068,1,Baby
304,323,120,100,70,145,105,20,560,150,165,1000000,1.9,6,10,220.0,3,Camerupt,2.2126027626518714,-0.40373052553476235,3,
305,324,85,140,70,85,70,20,470,90,98,1000000,0.5,6,6,80.4,3,Torkoal,0.49430372122990346,-0.0777640008962683,3,
306,325,25,35,60,70,80,60,330,255,59,800000,0.7,14,14,30.6,3,Spoink,-2.3868980668084467,-1.1847327135704424,1,Baby
307,326,45,65,80,90,110,80,470,60,313,800000,0.9,14,14,71.5,3,Grumpig,0.4583938927716692,-1.2956445084851613,3,
308,327,60,60,60,60,60,60,360,255,477,800000,1.1,12,12,5.0,3,Spinda,-2.0764003405246734,-1.0277518331184814,1,Baby
309,328,100,45,45,45,45,10,290,255,4,1059860,0.7,10,10,15.0,3,Trapinch,-2.654189866418803,-0.3323073797135433,1,Baby
310,329,70,50,50,50,50,70,340,120,544,1059860,1.1,10,2,15.3,3,Vibrava,-1.539304749791842,0.8669902344156083,1,Baby
311,330,100,80,80,80,80,100,520,45,341,1059860,2.0,10,2,82.0,3,Flygon,1.6615876679177675,1.0501542296985815,2,Fully Evolved
312,331,85,40,50,85,40,35,335,190,75,1059860,0.4,9,9,51.3,3,Cacnea,-1.838818340316617,0.2729434912709155,1,Baby
313,332,115,60,70,115,60,55,475,60,420,1059860,1.3,9,1,77.4,3,Cacturne,0.842863213379269,1.2197078601681672,2,Fully Evolved
314,333,40,60,45,40,75,50,310,255,111,600000,0.4,12,7,1.2,3,Swablu,-3.0278729989036743,-0.5213213328544092,1,Baby
315,334,110,110,75,110,105,80,590,45,239,600000,1.1,2,7,20.6,3,Altaria,1.8169470320677992,0.8074869940265536,2,Fully Evolved
316,335,115,60,73,60,60,90,458,90,80,600000,1.3,12,12,40.3,3,Zangoose,-0.020507646008106444,-0.433536072389755,3,
317,336,100,60,73,100,60,65,458,90,171,1640000,2.7,13,13,52.5,3,Seviper,1.4059751697415326,-0.2384663608697185,2,Fully Evolved
318,337,55,65,90,95,85,70,460,45,323,800000,1.0,15,14,168.0,3,Lunatone,0.669501375584413,-1.5268787686014904,3,
319,338,95,85,90,55,65,70,460,45,323,800000,1.2,15,14,154.0,3,Solrock,0.6662915765778897,-1.6389217022877247,3,
320,339,48,43,50,46,41,60,288,190,556,1000000,0.4,17,10,1.9,3,Barboach,-2.7931092808547593,-1.0236755524202317,1,Baby
321,340,78,73,110,76,71,60,468,75,556,1000000,0.9,17,10,23.6,3,Whiscash,0.4279006896228608,-1.2136061223237817,3,
322,341,80,65,43,50,35,35,308,205,412,1640000,0.6,17,17,11.5,3,Corphish,-1.8425646984299564,-1.6625770725636562,1,Baby
323,342,120,85,63,90,55,55,468,155,407,1640000,1.1,17,1,32.8,3,Crawdaunt,0.7079176062522485,0.5723663874910725,2,Fully Evolved
324,343,40,55,40,40,70,55,300,255,96,1000000,0.5,10,14,21.5,3,Baltoy,-2.7357182122012653,-0.8143761450776573,1,Baby
325,344,70,105,60,70,120,75,500,90,96,1000000,1.5,10,14,108.0,3,Claydol,1.1903324296089992,-1.032891938044377,3,
326,345,41,77,66,61,87,23,355,45,432,600000,1.0,15,9,23.8,3,Lileep,-1.2281049251840574,-1.6383627519414163,3,
327,346,81,97,86,81,107,43,495,45,27,600000,1.5,15,9,60.4,3,Cradily,0.9696370225290217,-1.295105637733462,3,
328,347,95,50,45,40,50,75,355,45,350,600000,0.7,15,0,12.5,3,Anorith,-1.497939198786797,0.5441407018251526,1,Baby
329,348,125,100,75,70,80,45,495,45,368,600000,1.5,15,0,68.2,3,Armaldo,0.8594196044329351,-0.1927883228497051,3,
330,349,15,20,20,10,55,80,200,255,179,600000,0.6,17,17,7.4,3,Feebas,-4.535883196628883,-1.8793596509139827,1,Baby
331,350,60,79,95,100,125,81,540,60,505,600000,6.2,17,17,162.0,3,Milotic,2.905093153565806,-2.8267786469786635,3,
332,351,70,70,70,70,70,70,420,45,554,1000000,0.3,12,12,0.8,3,Castform,-0.4003269088552453,-0.6998258808094207,3,
333,352,90,70,60,60,120,40,440,200,103,1059860,1.0,12,12,22.0,3,Kecleon,-0.29147562433162444,-0.9489861448790171,3,
334,353,75,35,44,63,33,45,295,225,391,800000,0.6,8,8,2.3,3,Shuppet,-2.957230747386892,0.2039983405562073,1,Baby
335,354,165,75,64,93,83,75,555,45,316,800000,1.1,8,8,12.5,3,Banette,1.517428786391481,0.5383733665759158,2,Fully Evolved
336,355,40,90,20,30,90,25,295,190,398,800000,0.8,8,8,15.0,3,Duskull,-2.6571425868936793,-0.783709161472275,1,Baby
337,356,70,130,40,60,130,25,455,90,34,800000,1.6,8,8,30.6,3,Dusclops,0.3386306721451534,-0.8092183549984832,3,
338,357,68,83,99,72,87,51,460,200,202,1250000,2.0,9,7,100.0,3,Tropius,0.5638448117016347,-0.06229178398159987,3,
339,358,50,80,75,95,90,65,455,45,566,800000,0.6,14,14,1.0,3,Chimecho,0.003722035705586236,-1.4973021501559918,3,
340,359,150,60,65,115,60,115,565,30,136,1059860,1.2,1,1,47.0,3,Absol,1.9680006716270055,3.0507029046698495,2,Fully Evolved
341,360,23,48,95,23,48,23,260,125,63,1000000,0.6,14,14,14.0,3,Wynaut,-2.5289927275164787,-1.5667210764022252,1,Baby
342,361,50,50,50,50,50,50,300,190,461,1000000,0.7,11,11,16.8,3,Snorunt,-2.480629464160596,-0.6465062144067353,1,Baby
343,362,120,80,80,120,80,100,580,75,168,1000000,1.5,11,11,256.5,3,Glalie,2.6156405731628207,-0.11525715675912276,2,Fully Evolved
344,363,40,50,70,55,50,25,290,255,95,1059860,0.8,11,17,39.5,3,Spheal,-2.591354686027839,-1.5031528135595258,1,Baby
345,364,60,70,90,75,70,45,410,120,24,1059860,1.1,11,17,87.6,3,Sealeo,-0.16632241378703502,-1.3583721242696591,3,
346,365,80,90,110,95,90,65,530,45,241,1059860,1.4,11,17,150.6,3,Walrein,1.957828903769419,-1.4445808218524951,3,
347,366,64,85,35,74,55,32,345,255,46,600000,0.4,17,17,52.5,3,Clamperl,-2.4005375986145765,-2.432617503197094,1,Baby
348,367,104,105,55,94,75,52,485,60,128,600000,1.7,17,17,27.0,3,Huntail,0.622362605028497,-2.2650691611594937,3,
349,368,84,105,55,114,75,52,485,60,467,600000,1.8,17,17,22.6,3,Gorebyss,0.5529688605815871,-2.4643017544089303,3,
350,369,90,130,100,45,65,55,485,25,303,1250000,1.0,17,15,23.4,3,Relicanth,1.1706009077818185,-2.002025302319886,3,
351,370,30,55,43,40,65,97,330,225,396,800000,0.6,17,17,8.7,3,Luvdisc,-2.5399552165207315,-1.838790811036099,1,Baby
352,371,75,60,45,40,30,50,300,45,402,1250000,0.6,2,2,42.1,3,Bagon,-1.6162450826485142,1.7562724370131266,1,Baby
353,372,95,100,65,60,50,50,420,45,163,1250000,1.1,2,2,110.5,3,Shelgon,0.38918062517999663,1.5406286340708635,2,Fully Evolved
354,373,145,130,95,120,90,120,700,45,144,1250000,1.5,2,7,102.6,3,Salamence,4.1392723469540895,1.629074620618762,2,Fully Evolved
355,374,55,80,40,35,60,30,300,3,254,1250000,0.6,16,14,95.2,3,Beldum,-1.1370833160394593,-1.7229421881937839,1,Baby
356,375,75,100,60,55,80,50,420,3,255,1250000,1.2,16,14,202.5,3,Metang,0.8964692055236798,-1.7931929648234675,3,
357,376,145,150,80,105,110,110,700,3,256,1250000,1.6,16,14,550.0,3,Metagross,5.518664171248008,-1.7212953277286163,0,Legendary
358,377,100,200,80,50,100,50,580,3,404,1250000,1.7,15,15,230.0,3,Regirock,3.213079341350276,-2.7359459127180346,3,
359,378,50,100,80,100,200,50,580,3,243,1250000,1.8,11,11,175.0,3,Regice,3.28352760337108,-1.1625825226182018,3,
360,379,75,150,80,75,150,50,580,3,257,1250000,1.9,16,16,205.0,3,Registeel,3.3244821828410704,-2.6215316714539454,3,
361,380,100,120,80,140,150,110,700,3,164,1250000,1.4,2,14,40.0,3,Latias,4.213821527053192,0.5988666293571395,2,Fully Evolved
362,381,130,100,80,160,120,110,700,3,164,1250000,2.0,2,14,60.0,3,Latios,4.406101253179159,0.9341246558016066,2,Fully Evolved
363,382,150,90,100,180,160,90,770,3,428,1250000,4.5,17,17,352.0,3,Kyogre,6.890821688637566,-1.9069488952678992,0,Legendary
364,383,180,160,100,150,90,90,770,3,109,1250000,3.5,10,10,950.0,3,Groudon,8.037670046067115,-1.0989427583926694,0,Legendary
365,384,180,100,105,180,100,115,780,45,454,1250000,7.0,2,7,206.5,3,Rayquaza,6.9756856769997055,1.3737129652808837,0,Legendary
366,385,100,100,100,100,100,100,600,3,569,1250000,0.3,16,14,1.1,3,Jirachi,2.4338341506526326,-1.0212918993309863,3,
367,386,95,90,50,95,90,180,600,3,121,1250000,1.7,14,14,60.8,3,Deoxys,2.8030428716147133,0.2619208767015505,2,Fully Evolved
368,387,68,64,55,45,55,31,318,45,516,1059860,0.4,9,9,10.2,4,Turtwig,-1.5798982662344643,-0.24697754740712674,1,Baby
369,388,89,85,75,55,65,36,405,45,219,1059860,1.1,9,9,97.0,4,Grotle,0.08519060481908503,-0.28020386219629995,3,
370,389,109,105,95,75,85,56,525,45,109,1059860,2.2,9,10,310.0,4,Torterra,2.547770272818407,-0.5782703697981341,0,Legendary
371,390,58,44,44,58,44,61,309,45,92,1059860,0.5,6,6,6.2,4,Chimchar,-1.6871683903669343,1.236475082593473,1,Baby
372,391,78,52,64,78,52,81,405,45,369,1059860,0.9,6,5,22.0,4,Monferno,-0.3334365809640198,1.3739953813316828,2,Fully Evolved
373,392,104,71,76,104,71,108,534,45,183,1059860,1.2,6,5,55.0,4,Infernape,1.5688917701481029,1.6729535968628884,2,Fully Evolved
374,393,51,53,53,61,56,40,314,45,360,1059860,0.4,17,17,5.2,4,Piplup,-1.597881298475287,-1.8286821019521504,1,Baby
375,394,66,68,64,81,76,50,405,45,360,1059860,0.8,17,17,23.0,4,Prinplup,-0.2166747925650316,-1.8377483280937215,3,
376,395,86,88,84,111,101,60,530,45,162,1059860,1.7,17,16,84.5,4,Empoleon,1.9301612640937766,-1.6996922057073478,3,
377,396,55,30,40,30,30,60,245,255,483,1059860,0.3,12,7,2.0,4,Starly,-3.6319899982439647,0.15191716320833903,1,Baby
378,397,75,50,55,40,40,80,340,120,483,1059860,0.6,12,7,15.5,4,Staravia,-1.662524766074446,0.2949540516083148,1,Baby
379,398,120,70,85,50,60,100,485,45,382,1059860,1.2,12,7,24.9,4,Staraptor,0.8405438726363625,0.4791529861696556,2,Fully Evolved
380,399,45,40,59,35,40,31,250,255,371,1000000,0.5,12,12,20.0,4,Bidoof,-3.3915181743613965,-0.9309662558643405,1,Baby
381,400,85,60,79,55,60,71,410,127,33,1000000,1.0,12,17,31.5,4,Bibarel,-0.47862508678817933,-0.9531154119664619,3,
382,401,25,41,37,25,41,25,194,255,116,1059860,0.3,0,0,2.2,4,Kricketot,-4.189037770757317,1.9681123147623825,1,Baby
383,402,85,51,77,55,51,65,384,45,116,1059860,1.0,0,0,25.5,4,Kricketune,-0.482867343807864,2.5534121226158453,2,Fully Evolved
384,403,65,34,45,40,34,45,263,235,184,1059860,0.5,3,3,9.5,4,Shinx,-3.1447977087255627,1.661097230506761,1,Baby
385,404,85,49,60,60,49,60,363,120,468,1059860,0.9,3,3,30.5,4,Luxio,-1.2000316312423975,1.6085935349056892,1,Baby
386,405,120,79,80,95,79,70,523,45,209,1059860,1.4,3,3,42.0,4,Luxray,1.5334353506725726,1.770408620543505,2,Fully Evolved
387,406,30,35,40,50,70,55,280,255,70,1059860,0.2,9,13,1.2,4,Budew,-3.0522243774864335,-0.223298977075979,1,Baby
388,407,70,65,60,125,105,90,515,75,61,1059860,0.9,9,13,14.5,4,Roserade,1.0978644531938162,0.23420886792277693,2,Fully Evolved
389,408,125,40,67,30,30,58,350,45,226,600000,0.9,15,15,31.5,4,Cranidos,-1.352764902552046,-1.2324536637957295,1,Baby
390,409,165,60,97,65,50,58,495,45,226,600000,1.6,15,15,102.5,4,Rampardos,1.016449197505623,-1.363394826914962,3,
391,410,42,118,30,42,88,30,350,45,449,600000,0.5,15,16,57.0,4,Shieldon,-1.415558761958321,-2.685715399824026,3,
392,411,52,168,60,47,138,30,495,45,449,600000,1.3,15,16,149.5,4,Bastiodon,1.0556259570307491,-3.366345094818871,3,
393,412,29,45,40,29,45,36,224,120,22,1000000,0.2,0,0,3.4,4,Burmy,-3.260192298116274,2.1576312177319728,1,Baby
394,413,69,95,60,69,95,36,424,45,22,1000000,0.5,0,9,6.5,4,Wormadam,-0.0890934330967636,0.7761546308651127,2,Fully Evolved
395,414,94,50,70,94,50,66,424,45,332,1000000,0.9,0,7,23.3,4,Mothim,-0.10217626437759071,1.7113496568857691,2,Fully Evolved
396,415,30,42,30,30,42,70,244,120,514,1059860,0.3,0,7,5.5,4,Combee,-3.1183854436824676,1.404034985925824,1,Baby
397,416,80,102,70,80,102,40,474,45,36,1059860,1.2,0,7,38.5,4,Vespiquen,0.9158654001734434,1.0031312308739264,2,Fully Evolved
398,417,45,70,60,45,90,95,405,200,155,1000000,0.4,3,3,3.9,4,Pachirisu,-1.2322211357020123,1.6915146917134973,1,Baby
399,418,65,35,55,60,30,85,330,190,436,1000000,0.7,17,17,29.5,4,Buizel,-2.091153381910831,-1.3439173066003158,1,Baby
400,419,105,55,85,85,50,115,495,75,436,1000000,1.1,17,17,33.5,4,Floatzel,0.7390175724706574,-1.0354132942231111,3,
401,420,35,45,45,62,53,35,275,190,89,1000000,0.4,9,9,3.3,4,Cherubi,-2.7987895155861717,0.06852850979877026,1,Baby
402,421,60,70,70,87,78,85,450,75,55,1000000,0.5,9,9,9.3,4,Cherrim,0.041094027503905936,0.5321343559133815,2,Fully Evolved
403,422,48,48,76,57,62,34,325,190,435,1000000,0.3,17,17,6.3,4,Shellos,-2.1445501349955784,-2.0937986433534377,1,Baby
404,423,83,68,111,92,82,39,475,75,435,1000000,0.9,17,10,29.9,4,Gastrodon,0.653628123988664,-1.1839598763999801,3,
405,424,100,66,75,60,66,115,482,45,302,800000,1.2,12,12,20.3,4,Ambipom,0.5222367979796099,-0.12679433149606847,2,Fully Evolved
406,425,50,34,90,60,44,70,348,125,26,1640000,0.4,8,7,1.2,4,Drifloon,-0.9563832358494577,1.4044641039937498,1,Baby
407,426,80,44,150,90,54,80,498,60,53,1640000,1.2,8,7,15.0,4,Drifblim,1.657341818331211,1.4660631816504288,2,Fully Evolved
408,427,66,44,55,44,56,85,350,190,393,1000000,0.4,12,12,5.5,4,Buneary,-1.9477809372247603,-0.29751012509095354,1,Baby
409,428,136,94,65,54,96,135,580,60,393,1000000,1.2,12,12,33.3,4,Lopunny,1.930730862909272,-0.043675428819927656,2,Fully Evolved
410,429,60,60,60,105,105,105,495,45,310,800000,0.9,8,8,4.4,4,Mismagius,0.5991013411068206,0.7408474369272503,2,Fully Evolved
411,430,125,52,100,105,52,71,505,30,38,1059860,0.9,1,7,27.3,4,Honchkrow,1.2220821609542478,1.9583557379992707,2,Fully Evolved
412,431,55,42,49,42,37,85,310,190,81,800000,0.5,12,12,3.9,4,Glameow,-2.60255157763995,-0.21641530801089756,1,Baby
413,432,82,64,71,64,59,112,452,75,512,800000,1.0,12,12,43.8,4,Purugly,-0.06989563893134694,-0.320911333412064,3,
414,433,30,50,45,65,50,45,285,120,37,800000,0.2,14,14,0.6,4,Chingling,-2.59855749341612,-1.0837657134855094,1,Baby
415,434,63,47,63,41,41,74,329,225,453,1000000,0.4,13,1,19.2,4,Stunky,-2.3466133964622453,0.7838452555646133,1,Baby
416,435,93,67,103,71,61,84,479,60,453,1000000,1.0,13,1,38.0,4,Skuntank,0.6592948524916755,0.8529360331433913,2,Fully Evolved
417,436,24,86,57,24,86,23,300,255,65,1000000,0.5,16,14,60.5,4,Bronzor,-2.4835416068061447,-2.12928183467992,1,Baby
418,437,89,116,67,79,116,33,500,90,64,1000000,1.3,16,14,187.0,4,Bronzong,1.4856229397795855,-2.06181042784326,3,
419,438,80,95,50,10,45,10,290,255,58,1000000,0.5,15,15,15.0,4,Bonsly,-2.75490933821077,-2.033473615641938,1,Baby
420,439,25,45,20,70,90,60,310,145,325,1000000,0.6,14,4,13.0,4,Mime Jr.,-2.138204329951778,0.2016472757105035,1,Baby
421,440,5,5,100,15,65,30,220,130,370,800000,0.6,12,12,24.4,4,Happiny,-3.2799667075480707,-1.111689105472274,1,Baby
422,441,65,45,76,92,42,91,411,30,339,1059860,0.5,12,7,1.9,4,Chatot,-0.33668073134344745,0.7369945277855791,2,Fully Evolved
423,442,92,108,50,92,108,35,485,100,191,1000000,1.0,8,1,108.0,4,Spiritomb,0.8615624234018234,0.6601356202185497,2,Fully Evolved
424,443,70,45,58,40,45,42,300,45,275,1250000,0.7,2,10,20.5,4,Gible,-1.528696185985087,0.8934398414363325,1,Baby
425,444,90,65,68,50,55,82,410,45,83,1250000,1.4,2,10,56.0,4,Gabite,0.1933295786696367,1.2396358721179466,2,Fully Evolved
426,445,170,115,108,120,95,92,700,45,309,1250000,1.9,2,10,95.0,4,Garchomp,4.315043629944652,1.0932049019984227,0,Legendary
427,446,85,40,135,40,85,5,390,50,39,1250000,0.6,12,12,105.0,4,Munchlax,0.17765951657334833,-0.9167348649546698,3,
428,447,70,40,40,35,40,60,285,75,158,1059860,0.7,5,5,20.2,4,Riolu,-2.0740134180155447,1.366643112441055,1,Baby
429,448,145,88,70,140,70,112,625,45,17,1059860,1.2,5,16,54.0,4,Lucario,2.797673773542722,0.6931424338965538,2,Fully Evolved
430,449,72,78,68,38,42,32,330,140,234,1250000,0.8,10,10,49.5,4,Hippopotas,-1.3932901343219697,-0.38598238114708905,1,Baby
431,450,112,118,108,68,72,47,525,60,228,1250000,2.0,10,10,300.0,4,Hippowdon,2.5709446637228397,-0.79050752224927,0,Legendary
432,451,50,90,40,30,55,65,330,120,424,1250000,0.8,13,0,12.0,4,Skorupi,-1.5426037206438132,0.6511261507578989,1,Baby
433,452,90,110,70,60,75,95,500,45,349,1250000,1.3,13,1,61.5,4,Drapion,1.3339685626277589,0.8124083247366851,2,Fully Evolved
434,453,61,40,48,61,40,50,300,140,525,1000000,0.7,13,5,23.0,4,Croagunk,-2.2391970967374504,0.15476844631196363,1,Baby
435,454,106,65,83,86,65,85,490,75,525,1000000,1.3,13,5,44.4,4,Toxicroak,0.7993645977873093,0.4081757578205908,2,Fully Evolved
436,455,100,72,74,90,72,46,454,200,71,1250000,1.4,9,9,27.0,4,Carnivine,0.1556005513890853,0.28139485967328726,2,Fully Evolved
437,456,49,56,49,49,61,66,330,190,568,600000,0.4,17,17,7.0,4,Finneon,-2.570780016182657,-2.1866526274598606,1,Baby
438,457,69,76,69,69,86,91,460,75,343,600000,1.2,17,17,24.0,4,Lumineon,-0.008987807400783785,-1.9156818762390988,3,
439,458,20,50,45,60,120,50,345,25,271,1250000,1.0,17,7,65.0,4,Mantyke,-0.5409383544627236,-0.6320671991581353,3,
440,459,62,50,60,62,60,40,334,120,201,1250000,1.0,9,11,50.5,4,Snover,-1.186407327137034,-0.0814666087526899,1,Baby
441,460,132,105,90,132,105,30,594,60,201,1250000,2.2,9,11,135.5,4,Abomasnow,3.2036230916593134,-0.4361263197185441,0,Legendary
442,461,120,65,70,45,85,125,510,45,444,1059860,1.1,1,11,34.0,4,Weavile,1.0655205610710694,1.3355231177102407,2,Fully Evolved
443,462,70,115,70,130,90,60,535,30,311,1000000,1.2,3,16,180.0,4,Magnezone,1.9674370318448102,-0.5359864681061468,3,
444,463,85,95,110,80,95,50,515,30,286,1000000,1.7,12,12,140.0,4,Lickilicky,1.8801641220889713,-1.1410983012662597,3,
445,464,140,130,115,55,55,40,535,30,147,1250000,2.4,10,15,282.8,4,Rhyperior,2.9334062145101987,-1.44395112425459,0,Legendary
446,465,100,125,100,110,50,50,535,30,546,1000000,2.0,9,9,128.6,4,Tangrowth,2.0450416659445794,-0.5225286246077786,3,
447,466,123,67,75,95,85,95,540,30,511,1000000,1.8,3,3,138.6,4,Electivire,1.9978103820895627,1.7394883813985988,2,Fully Evolved
448,467,95,67,75,125,95,83,540,30,49,1000000,1.6,6,6,68.0,4,Magmortar,1.9236509785541855,1.306577908691915,2,Fully Evolved
449,468,50,95,85,120,115,80,545,30,264,800000,1.5,4,7,38.0,4,Togekiss,1.6676882637644117,0.6923486075020769,2,Fully Evolved
450,469,76,86,86,116,56,95,515,30,348,1000000,1.9,0,7,51.5,4,Yanmega,1.4635183543919765,1.6225078374229214,2,Fully Evolved
451,470,110,130,65,60,65,95,525,45,543,1000000,1.0,9,9,25.5,4,Leafeon,1.176249314701859,-0.04889858884226167,2,Fully Evolved
452,471,60,110,65,130,95,65,525,45,199,1000000,0.8,11,11,25.9,4,Glaceon,1.3168391503433312,-0.42557769461580214,3,
453,472,95,125,75,45,75,95,510,30,170,1059860,2.0,10,7,42.5,4,Gliscor,1.5392121580522584,0.17469683112814496,2,Fully Evolved
454,473,130,80,110,70,60,80,530,50,539,1250000,2.5,11,10,291.0,4,Mamoswine,2.6573433692903037,-0.39730817883561603,0,Legendary
455,474,80,70,85,135,75,90,535,30,547,1000000,0.9,12,12,34.0,4,Porygon-Z,1.4497885875017456,-0.22649869819370913,2,Fully Evolved
456,475,165,95,68,65,115,110,618,45,47,1250000,1.6,14,5,52.0,4,Gallade,3.077529563808663,0.7864845609709208,2,Fully Evolved
457,476,55,145,60,75,150,40,525,60,106,1000000,1.4,15,16,340.0,4,Probopass,2.3461975125681884,-2.7693834385135516,3,
458,477,100,135,45,65,135,45,525,45,218,800000,2.2,8,8,106.6,4,Dusknoir,1.7749283514653553,-0.6811738095335181,3,
459,478,80,70,70,80,70,110,480,75,462,1000000,1.3,11,8,26.6,4,Froslass,0.5514636472313074,0.42728642410182077,2,Fully Evolved
460,479,65,107,50,105,107,86,520,45,367,1000000,0.3,3,8,0.3,4,Rotom,0.923301882147971,0.9200310660342852,2,Fully Evolved
461,480,75,130,75,75,130,95,580,3,273,1250000,0.3,14,14,0.3,4,Uxie,2.2471426459463424,-1.016869765668147,3,
462,481,105,105,80,105,105,80,580,3,161,1250000,0.3,14,14,0.3,4,Mesprit,2.30014762015372,-0.6448511156487697,3,
463,482,125,70,75,125,70,115,580,3,564,1250000,0.3,14,14,0.3,4,Azelf,2.087030774768658,-0.03224291271507057,2,Fully Evolved
464,483,120,120,100,150,100,90,680,3,504,1250000,5.4,16,2,683.0,4,Dialga,6.66688340821874,-0.600557710286138,0,Legendary
465,484,120,100,90,150,120,100,680,3,469,1250000,4.2,17,2,336.0,4,Palkia,5.477889493558388,0.05023044514602941,0,Legendary
466,485,90,106,91,130,106,77,600,3,280,1250000,1.7,6,16,430.0,4,Heatran,3.9855024008809092,-0.7729937355231584,0,Legendary
467,486,160,110,110,80,110,100,670,3,104,1250000,3.7,12,12,420.0,4,Regigigas,5.506536822118423,-0.7361732035310344,0,Legendary
468,487,120,100,150,120,100,90,680,3,397,1250000,4.5,8,2,750.0,4,Giratina,6.656893304961128,0.2568384211420403,0,Legendary
469,488,70,120,120,75,130,85,600,3,307,1250000,1.5,14,14,85.6,4,Cresselia,3.1411357509045805,-1.3471797001113779,3,
470,489,80,80,80,80,80,80,480,30,431,1250000,0.4,17,17,3.1,4,Phione,0.8034916779173703,-1.4576089124154012,3,
471,490,100,100,100,100,100,100,600,3,437,1250000,0.3,17,17,1.4,4,Manaphy,2.4907748388639246,-1.3269937435793835,3,
472,491,90,90,70,135,90,125,600,3,365,1250000,1.5,1,1,50.5,4,Darkrai,2.785621113153385,2.80895050583764,2,Fully Evolved
473,492,103,75,100,120,75,127,600,45,217,1059860,0.2,9,9,2.1,4,Shaymin,2.03362102605395,1.1406896602720162,2,Fully Evolved
474,493,120,120,120,120,120,120,720,3,2,1250000,3.2,12,12,320.0,4,Arceus,5.77429617166371,-0.39365689015364963,0,Legendary
475,494,100,100,100,100,100,100,600,3,545,1250000,0.4,14,6,4.0,5,Victini,2.505458356212124,0.40188625393652727,2,Fully Evolved
476,495,45,55,45,45,55,63,308,45,215,1059860,0.6,9,9,8.1,5,Snivy,-1.6612080013362032,0.364603697713022,1,Baby
477,496,60,75,60,60,75,83,413,45,215,1059860,0.8,9,9,16.0,5,Servine,-0.1937865552004506,0.42345429255896877,2,Fully Evolved
478,497,75,95,75,75,95,113,528,45,395,1059860,3.3,9,9,63.0,5,Serperior,2.0772430305119816,0.25867719098937847,2,Fully Evolved
479,498,63,45,65,45,45,45,308,45,176,1059860,0.5,6,6,9.9,5,Tepig,-1.6218013612550055,1.0364993943193117,1,Baby
480,499,93,55,90,70,55,55,418,45,176,1059860,1.0,6,5,55.5,5,Pignite,0.12113381604607593,1.2211408920703348,2,Fully Evolved
481,500,123,65,110,100,65,65,528,45,319,1059860,1.6,6,5,150.0,5,Emboar,1.9723521412654264,1.1476613346210194,2,Fully Evolved
482,501,55,45,55,63,45,45,308,45,434,1059860,0.5,17,17,5.9,5,Oshawott,-1.664920178274901,-1.6261180680249152,1,Baby
483,502,75,60,75,83,60,60,413,45,138,1059860,0.8,17,17,24.5,5,Dewott,-0.056694409206090014,-1.3768450052913115,3,
484,503,100,85,95,108,70,70,528,45,193,1059860,1.5,17,17,94.6,5,Samurott,1.8421784344618986,-1.5159774704042515,3,
485,504,55,39,45,35,39,42,255,255,425,1000000,0.5,12,12,11.6,5,Patrat,-3.3830050011559245,-0.6797638357256645,1,Baby
486,505,85,69,60,60,69,77,420,255,304,1000000,1.1,12,12,27.0,5,Watchog,-0.9814487144006804,-0.4459934403240602,1,Baby
487,506,60,45,45,25,45,55,275,255,392,1059860,0.4,12,12,4.1,5,Lillipup,-3.12351047059745,-0.5492527463995088,1,Baby
488,507,80,65,65,35,65,60,370,120,306,1059860,0.9,12,12,14.7,5,Herdier,-1.0297341021787403,-0.5538810539871216,1,Baby
489,508,110,90,85,45,90,80,500,45,43,1059860,1.2,12,12,61.0,5,Stoutland,1.3079530960693346,-0.37736232860105867,3,
490,509,50,37,41,50,37,66,281,255,133,1000000,0.4,1,1,10.1,5,Purrloin,-3.1089217887874465,2.3920449828404085,1,Baby
491,510,88,50,64,88,50,106,446,90,117,1000000,1.1,1,1,37.5,5,Liepard,0.050524534866467366,2.9145384855789773,2,Fully Evolved
492,511,53,48,50,53,48,64,316,190,213,1000000,0.6,9,9,10.5,5,Pansage,-2.2539031510827097,0.37082996086974507,1,Baby
493,512,98,63,75,98,63,101,498,75,506,1000000,1.1,9,9,30.5,5,Simisage,0.7725736064113735,0.6919625991732326,2,Fully Evolved
494,513,53,48,50,53,48,64,316,190,233,1000000,0.6,6,6,11.0,5,Pansear,-2.2697307361028596,1.0575271857788777,1,Baby
495,514,98,63,75,98,63,101,498,75,159,1000000,1.0,6,6,28.0,5,Simisear,0.8094639851044011,1.6183436897663017,2,Fully Evolved
496,515,53,48,50,53,48,64,316,190,478,1000000,0.6,17,17,13.5,5,Panpour,-2.277246615650972,-1.6642824156412526,1,Baby
497,516,98,63,75,98,63,101,498,75,208,1000000,1.0,17,17,29.0,5,Simipour,0.8452154886904213,-0.9794048110620551,3,
498,517,25,45,76,67,55,24,292,190,146,800000,0.6,14,14,23.3,5,Munna,-2.5570320452994695,-1.3985360268811502,1,Baby
499,518,55,85,116,107,95,29,487,75,148,800000,1.1,14,14,60.5,5,Musharna,0.8704149890591698,-1.5912186711241798,3,
500,519,55,50,50,36,30,43,264,255,518,1059860,0.3,12,7,2.1,5,Pidove,-3.321372426167144,-0.08548205991220426,1,Baby
501,520,77,62,62,50,42,65,358,120,563,1059860,0.6,12,7,15.0,5,Tranquill,-1.3802545587734267,0.12976251563620456,1,Baby
502,521,115,80,80,65,55,93,488,45,387,1059860,1.2,12,7,29.0,5,Unfezant,0.906987149074333,0.4873396063659593,2,Fully Evolved
503,522,60,32,45,50,32,76,295,190,157,1000000,0.8,3,3,29.8,5,Blitzle,-2.4886430957480226,2.071082900168223,1,Baby
504,523,100,63,75,80,63,116,497,75,511,1000000,1.6,3,3,79.5,5,Zebstrika,0.960179109433299,2.0817241109010887,2,Fully Evolved
505,524,75,85,55,25,25,15,280,255,315,1059860,0.4,15,15,18.0,5,Roggenrola,-2.9220930905529885,-1.8329629522820903,1,Baby
506,525,105,105,70,50,40,20,390,120,352,1059860,0.9,15,15,102.0,5,Boldore,-0.487107047201788,-1.897186376413545,3,
507,526,135,130,85,60,80,25,515,45,107,1059860,1.7,15,15,260.0,5,Gigalith,2.2445315946950024,-2.1002110713813322,3,
508,527,45,43,65,55,43,72,323,190,30,1000000,0.4,14,7,2.1,5,Woobat,-2.178271954434214,0.3190762920810792,1,Baby
509,528,57,55,67,77,55,114,425,45,115,1000000,0.9,14,7,10.5,5,Swoobat,-0.11460442171401493,0.7263005198185948,2,Fully Evolved
510,529,85,40,60,30,45,68,328,120,329,1000000,0.3,10,10,8.5,5,Drilbur,-1.8808975555261132,0.23283072417507503,1,Baby
511,530,135,60,110,50,65,88,508,60,491,1000000,0.7,10,16,40.4,5,Excadrill,0.9881712661053044,-0.5028331059455792,3,
512,531,60,126,103,80,126,50,545,255,227,800000,1.1,12,12,31.0,5,Audino,0.6925087755360813,-1.4745449000449367,3,
513,532,80,55,75,25,35,35,305,180,337,1059860,0.6,5,5,12.5,5,Timburr,-2.2502383346045645,0.9005460716096669,1,Baby
514,533,105,85,85,40,50,40,405,90,337,1059860,1.2,5,5,40.0,5,Gurdurr,-0.2659217356199997,0.7806962075300117,2,Fully Evolved
515,534,140,95,105,55,65,45,505,45,337,1059860,1.4,5,5,87.0,5,Conkeldurr,1.4783799729399263,0.8025408162523847,2,Fully Evolved
516,535,50,40,50,50,40,64,294,255,502,1059860,0.5,17,17,4.5,5,Tympole,-2.8691938972201068,-1.591820285739956,1,Baby
517,536,65,55,75,65,55,69,384,120,544,1059860,0.8,17,10,17.0,5,Palpitoad,-0.9235267367037708,-0.7348432437879816,1,Baby
518,537,95,75,105,85,75,74,509,45,544,1059860,1.5,17,10,62.0,5,Seismitoad,1.4373003581266615,-0.8294035767309305,3,
519,538,100,85,120,30,85,45,465,45,265,1000000,1.3,5,5,55.5,5,Throh,0.843925930905384,0.6225279333464853,2,Fully Evolved
520,539,125,75,75,30,75,85,465,45,267,1000000,1.4,5,5,51.0,5,Sawk,0.6993207476362652,1.2806599649833128,2,Fully Evolved
521,540,53,70,45,40,60,42,310,255,441,1059860,0.3,0,9,2.5,5,Sewaddle,-2.7107741553333606,0.7691785347373937,1,Baby
522,541,63,90,55,50,80,42,380,120,284,1059860,0.5,0,9,7.3,5,Swadloon,-1.035119160209538,0.7700902121134652,1,Baby
523,542,103,80,75,70,80,92,500,45,347,1059860,1.2,0,9,20.5,5,Leavanny,1.0334606914721471,1.4633541996105446,2,Fully Evolved
524,543,45,59,30,30,39,57,260,255,86,1059860,0.4,0,13,5.3,5,Venipede,-3.336142228171731,0.7299716836815054,1,Baby
525,544,55,99,40,40,79,47,360,120,119,1059860,1.2,0,13,58.5,5,Whirlipede,-0.9781192845718146,0.20101320625224406,1,Baby
526,545,100,89,60,55,69,112,485,45,320,1059860,2.5,0,13,200.5,5,Scolipede,1.564467080893751,0.780363774676289,2,Fully Evolved
527,546,27,60,40,37,50,66,280,190,113,1000000,0.3,9,4,0.6,5,Cottonee,-2.8445495450302682,0.8971481944094487,1,Baby
528,547,67,85,60,77,75,116,480,75,567,1000000,0.7,9,4,6.6,5,Whimsicott,0.2904324302823153,1.1474556416156312,2,Fully Evolved
529,548,35,50,45,70,50,30,280,190,73,1000000,0.5,9,9,6.6,5,Petilil,-2.6666342194861383,0.11634469154180928,1,Baby
530,549,60,75,70,110,75,90,480,75,188,1000000,1.1,9,9,16.3,5,Lilligant,0.5946338015906636,0.6068148519676412,2,Fully Evolved
531,550,92,65,70,80,55,98,460,25,236,1000000,1.0,17,17,18.0,5,Basculin,0.517478631039421,-1.0581901174596713,3,
532,551,72,35,50,35,35,65,292,180,130,1059860,0.7,10,1,15.2,5,Sandile,-2.4200244342212853,1.493663249353861,1,Baby
533,552,82,45,60,45,45,74,351,90,130,1059860,1.0,10,1,33.4,5,Krokorok,-1.0989646916359805,1.5425934979780604,1,Baby
534,553,117,80,95,65,70,92,519,45,250,1059860,1.5,10,1,96.3,5,Krookodile,1.6377350928832397,1.3660022603437614,2,Fully Evolved
535,554,90,45,70,15,45,50,315,120,577,1059860,0.6,6,6,37.5,5,Darumaka,-1.8623649876724444,0.7175770853169207,1,Baby
536,555,30,105,105,140,105,55,540,60,52,1059860,1.3,6,6,92.9,5,Darmanitan,1.9336125287856039,0.6315285705480677,2,Fully Evolved
537,556,86,67,75,106,67,60,461,255,75,1000000,1.0,9,9,28.0,5,Maractus,-0.3600697089326057,0.4041082125188365,2,Fully Evolved
538,557,65,85,50,35,35,55,325,190,403,1000000,0.3,0,15,14.5,5,Dwebble,-2.294676618095846,0.119721109448464,1,Baby
539,558,105,125,70,65,75,45,485,75,487,1000000,1.4,0,15,200.0,5,Crustle,1.1930550542093246,-0.48686175104680296,3,
540,559,75,70,50,35,70,48,348,180,446,1000000,0.6,1,5,11.8,5,Scraggy,-1.8053038095275658,1.2026562818719433,1,Baby
541,560,90,115,65,45,115,58,488,90,235,1000000,1.1,1,5,30.0,5,Scrafty,0.7368009412041387,1.0302608130973598,2,Fully Evolved
542,561,58,80,72,103,80,97,490,45,20,1000000,1.4,14,7,14.0,5,Sigilyph,0.989834457802389,0.41057501558343257,2,Fully Evolved
543,562,30,85,38,55,65,30,303,190,475,1000000,0.5,8,8,1.5,5,Yamask,-2.479133219440228,-0.2559726947114165,1,Baby
544,563,50,145,58,95,105,30,483,90,101,1000000,1.7,8,8,76.5,5,Cofagrigus,1.0337608031169987,-0.5192650031682274,3,
545,564,78,103,54,53,45,22,355,45,386,1000000,0.7,17,15,16.5,5,Tirtouga,-0.9674676783559384,-2.0399804854015615,3,
546,565,108,133,74,83,65,32,495,45,386,1000000,1.2,17,15,81.0,5,Carracosta,1.2196058428580405,-2.1539395264378816,3,
547,566,112,45,55,74,45,70,401,45,178,1000000,0.5,15,7,9.5,5,Archen,-0.4687801321099037,0.43944104333943595,2,Fully Evolved
548,567,140,65,75,112,65,110,567,45,178,1000000,1.4,15,7,32.0,5,Archeops,2.003836496402477,0.7564274820928603,2,Fully Evolved
549,568,50,62,50,40,62,65,329,190,530,1000000,0.6,13,13,31.0,5,Trubbish,-2.0798054326678437,-0.9776337264817232,1,Baby
550,569,95,82,80,60,82,75,474,60,531,1000000,1.9,13,13,107.3,5,Garbodor,1.0298757946639463,-1.0273292351064478,3,
551,570,65,40,40,80,40,65,330,75,532,1059860,0.7,1,1,12.5,5,Zorua,-1.5942934930494619,2.382161127618783,1,Baby
552,571,105,60,60,120,60,105,510,45,246,1059860,1.6,1,1,81.1,5,Zoroark,1.3850652291512184,2.8800716276877996,2,Fully Evolved
553,572,50,40,55,40,40,75,300,255,93,800000,0.4,12,12,5.8,5,Minccino,-2.9972507809799636,-0.2858208455903378,1,Baby
554,573,95,60,75,65,60,115,470,60,421,800000,0.5,12,12,7.5,5,Cinccino,0.053668565326348214,0.019775313919318954,2,Fully Evolved
555,574,30,50,45,55,65,45,290,200,181,1059860,0.4,14,14,5.8,5,Gothita,-2.5744769207846514,-1.0334365196031192,1,Baby
556,575,45,70,60,75,85,55,390,100,313,1059860,0.7,14,14,18.0,5,Gothorita,-0.6951304510213226,-1.0990537733059886,3,
557,576,55,95,70,95,110,65,490,50,14,1059860,1.5,14,14,44.0,5,Gothitelle,1.2332209804836363,-1.0355436154213222,3,
558,577,30,40,45,105,50,20,290,200,85,1059860,0.3,14,14,1.0,5,Solosis,-2.5489413981531674,-0.909705899842226,1,Baby
559,578,40,50,65,125,60,30,370,100,326,1059860,0.6,14,14,8.0,5,Duosion,-0.9777932383239905,-0.9580297924249215,1,Baby
560,579,65,75,110,125,85,30,490,50,336,1059860,1.0,14,14,20.1,5,Reuniclus,1.073373027254617,-1.226437809426771,3,
561,580,44,50,62,44,50,55,305,190,549,1000000,0.5,17,7,5.5,5,Ducklett,-2.452230706556774,-0.624033611022917,1,Baby
562,581,87,63,75,87,63,98,473,45,558,1000000,1.3,17,7,24.2,5,Swanna,0.6375380864717476,-0.04293743845832195,2,Fully Evolved
563,582,50,50,36,65,60,44,305,255,199,1250000,0.4,11,11,5.7,5,Vanillite,-2.4734218914340875,-0.1179049434840464,1,Baby
564,583,65,65,51,80,75,59,395,120,244,1250000,1.1,11,11,41.0,5,Vanillish,-0.3967236419389507,-0.08521706150319465,1,Baby
565,584,95,85,71,110,95,79,535,45,463,1250000,1.3,11,11,57.5,5,Vanilluxe,1.851532302814305,-0.03635137023626769,2,Fully Evolved
566,585,60,50,60,40,50,75,335,190,439,1000000,0.6,12,9,19.5,5,Deerling,-2.0292890754511514,-0.05330090464475982,1,Baby
567,586,100,70,80,60,70,95,475,75,439,1000000,1.9,12,9,92.5,5,Sawsbuck,0.8999211127626605,-0.0038919915594727615,2,Fully Evolved
568,587,75,60,55,75,60,103,428,200,455,1000000,0.4,3,7,5.0,5,Emolga,-1.0291108305858845,1.5552982332186998,1,Baby
569,588,75,45,50,40,45,60,315,200,94,1000000,0.5,0,0,5.9,5,Karrablast,-2.347593681750444,2.5610019320757713,1,Baby
570,589,135,105,70,60,105,20,495,75,82,1000000,1.0,0,16,33.0,5,Escavalier,1.0090047128038364,-0.24040029726502057,3,
571,590,55,45,69,55,55,15,294,190,338,1000000,0.2,9,13,1.0,5,Foongus,-2.558108344494763,-0.6879084935325221,1,Baby
572,591,85,70,114,85,80,30,464,75,338,1000000,0.6,9,13,10.5,5,Amoonguss,0.41078103289759,-0.6269432328851746,3,
573,592,40,50,55,65,85,40,335,190,186,1000000,1.2,17,8,33.0,5,Frillish,-1.6332769080892793,-0.7857613117410376,1,Baby
574,593,60,70,100,85,105,60,480,60,186,1000000,2.2,17,8,135.0,5,Jellicent,1.4491241940569417,-0.8451518856780471,3,
575,594,75,80,165,40,45,65,470,75,79,800000,1.2,17,17,31.6,5,Alomomola,0.5566439125310974,-1.935766703327927,3,
576,595,47,50,50,57,50,65,319,190,16,1000000,0.1,0,3,0.6,5,Joltik,-2.3687749707929413,2.2493127112767444,1,Baby
577,596,77,60,70,97,60,108,472,75,154,1000000,0.8,0,3,14.3,5,Galvantula,0.32006817215192984,2.7148000793726776,2,Fully Evolved
578,597,50,91,44,24,86,10,305,255,509,1000000,0.6,9,16,18.8,5,Ferroseed,-2.590228482181472,-1.8324874283177592,1,Baby
579,598,94,131,74,54,116,20,489,90,507,1000000,1.0,9,16,110.0,5,Ferrothorn,0.9870941492852904,-1.9561647277273344,3,
580,599,55,70,40,45,60,30,300,130,205,1059860,0.3,16,16,21.0,5,Klink,-2.0956749740050693,-1.7272778472091248,1,Baby
581,600,80,95,60,70,85,50,440,60,205,1059860,0.6,16,16,51.0,5,Klang,0.24755349247983802,-1.6548880565534771,3,
582,601,100,115,60,70,85,90,520,30,205,1059860,0.6,16,16,81.0,5,Klinklang,1.4235580146803637,-1.3491735699005942,3,
583,602,55,40,35,45,40,60,275,190,153,1250000,0.2,3,3,0.3,5,Tynamo,-2.73138677426693,2.069301471973423,1,Baby
584,603,85,70,65,75,70,40,405,60,153,1250000,1.2,3,3,22.0,5,Eelektrik,0.03541402402276177,1.6921674597428635,2,Fully Evolved
585,604,115,80,85,105,80,50,515,30,153,1250000,2.1,3,3,80.5,5,Eelektross,2.049230638127193,1.748645189520186,2,Fully Evolved
586,605,55,55,55,85,55,30,335,255,87,1000000,0.5,14,14,9.0,5,Elgyem,-2.180311585118647,-1.0429431695403746,1,Baby
587,606,75,75,75,125,95,40,485,90,87,1000000,1.0,14,14,34.5,5,Beheeyem,0.8096664388239523,-0.9955398343744585,3,
588,607,30,55,50,65,55,20,275,190,76,1059860,0.3,8,6,3.1,5,Litwick,-2.712885129638868,0.4657118292093616,1,Baby
589,608,40,60,60,95,60,55,370,90,274,1059860,0.6,8,6,13.0,5,Lampent,-1.0021820203274234,0.8020018710927862,1,Baby
590,609,55,90,60,145,90,80,520,45,308,1059860,1.0,8,6,34.3,5,Chandelure,1.3217639092696758,0.9388533522976285,2,Fully Evolved
591,610,87,60,46,30,40,57,320,75,537,1250000,0.6,2,2,18.0,5,Axew,-1.535973485942701,1.9236820031995734,1,Baby
592,611,117,70,66,40,50,67,410,60,21,1250000,1.0,2,2,36.0,5,Fraxure,0.028761086982947985,2.3046146994452648,2,Fully Evolved
593,612,147,90,76,60,70,97,540,45,21,1250000,1.8,2,2,105.5,5,Haxorus,2.189041478662659,2.4267441634222866,2,Fully Evolved
594,613,70,40,55,60,40,40,305,120,91,1000000,0.5,11,11,8.5,5,Cubchoo,-2.0218623517471324,-0.0646156589782255,1,Baby
595,614,130,80,95,70,80,50,505,60,198,1000000,2.6,11,11,260.0,5,Beartic,2.1747242078111246,-0.7097012345651565,0,Legendary
596,615,50,50,80,95,135,105,515,25,118,1000000,1.1,11,11,148.0,5,Cryogonal,1.7018573838648459,0.1023627460899015,2,Fully Evolved
597,616,40,85,50,40,65,25,305,200,459,1000000,0.4,0,0,7.7,5,Shelmet,-2.5073602480948605,1.518261084864319,1,Baby
598,617,70,40,80,100,60,145,495,75,447,1000000,0.8,0,0,25.3,5,Accelgor,0.5161518673968875,3.3971943047723685,2,Fully Evolved
599,618,66,84,109,81,99,32,471,75,529,1000000,0.7,10,3,11.0,5,Stunfisk,0.4922014002275756,0.1962069622019167,3,
600,619,85,50,45,55,50,65,350,180,317,1059860,0.9,5,5,20.0,5,Mienfoo,-1.6354823769782458,1.360108720535548,1,Baby
601,620,125,60,65,95,60,105,510,45,317,1059860,1.4,5,5,35.5,5,Mienshao,1.2273835956206538,1.9350314658351206,2,Fully Evolved
602,621,120,90,77,60,90,48,485,45,83,1000000,1.6,2,2,139.0,5,Druddigon,1.3733783088011187,1.5309613860914713,2,Fully Evolved
603,622,74,50,59,35,50,35,303,190,19,1000000,1.0,10,8,92.0,5,Golett,-1.9746693451685664,0.04288734910684023,1,Baby
604,623,124,80,89,55,80,55,483,90,19,1000000,2.8,10,8,330.0,5,Golurk,1.99465131190028,-0.24834028556767507,0,Legendary
605,624,85,70,45,40,40,60,340,120,443,1000000,0.5,1,16,10.2,5,Pawniard,-1.7438023903061337,0.12701539461198677,1,Baby
606,625,125,100,65,60,70,70,490,45,498,1000000,1.6,1,16,70.0,5,Bisharp,1.0699344552651449,-0.05308708345895537,2,Fully Evolved
607,626,110,95,95,40,95,55,490,45,29,1000000,1.6,12,12,94.6,5,Bouffalant,1.3948068988131206,-0.8258474548768818,3,
608,627,83,50,70,37,50,60,350,190,150,1250000,0.5,12,7,10.5,5,Rufflet,-1.523230231162518,0.4698172600940358,1,Baby
609,628,123,75,100,57,75,80,510,60,541,1250000,1.5,12,7,41.0,5,Braviary,1.4748552757493234,0.293143305955337,2,Fully Evolved
610,629,55,75,70,45,65,60,370,190,134,1250000,0.5,1,7,9.0,5,Vullaby,-1.2971180331827825,1.3767506943271581,1,Baby
611,630,65,105,110,55,95,80,510,60,57,1250000,1.2,1,7,39.5,5,Mandibuzz,1.4756027933702984,1.314177641431858,2,Fully Evolved
612,631,97,66,85,105,66,65,484,90,5,1000000,1.4,6,6,58.0,5,Heatmor,0.8798897392191805,1.24693451918745,2,Fully Evolved
613,632,109,112,58,48,48,109,484,90,252,1000000,0.3,0,16,33.0,5,Durant,0.25148626293606235,0.6142158656502269,2,Fully Evolved
614,633,65,50,52,45,50,38,300,45,251,1250000,0.8,1,2,17.3,5,Deino,-1.4842592530642384,2.039825004661724,1,Baby
615,634,85,70,72,65,70,58,420,45,236,1250000,1.4,1,2,50.0,5,Zweilous,0.36743325499180574,2.0749419724208313,2,Fully Evolved
616,635,105,90,92,125,90,98,600,45,66,1250000,1.8,1,2,160.0,5,Hydreigon,3.1434968048785303,2.4806371521674118,2,Fully Evolved
617,636,85,55,55,50,55,60,360,45,523,1250000,1.1,0,6,28.8,5,Larvesta,-0.6808292978049778,1.6895042121984927,2,Fully Evolved
618,637,60,65,85,135,105,100,550,15,492,1250000,1.6,0,6,46.0,5,Volcarona,2.172452337588795,2.0616088707774214,2,Fully Evolved
619,638,90,129,91,90,72,108,580,3,259,1250000,2.1,16,5,250.0,5,Cobalion,3.3194055828172977,-0.04907452860226058,0,Legendary
620,639,129,90,91,72,90,108,580,3,84,1250000,1.9,15,5,260.0,5,Terrakion,3.3749475838224194,0.4558356550492655,0,Legendary
621,640,90,72,91,90,129,108,580,3,216,1250000,2.0,9,5,200.0,5,Virizion,3.2468476092328884,1.0513243854691798,2,Fully Evolved
622,641,100,80,79,110,90,121,580,3,120,1250000,1.5,7,7,63.0,5,Tornadus,2.682933862231785,1.5980546434508178,2,Fully Evolved
623,642,105,70,79,145,80,101,580,3,56,1250000,1.5,3,7,61.0,5,Thundurus,2.716152417856474,2.1150731708351005,2,Fully Evolved
624,643,120,100,100,150,120,90,680,3,542,1250000,3.2,2,6,330.0,5,Reshiram,5.167109461895183,1.166427128290325,0,Legendary
625,644,150,120,100,120,100,90,680,3,127,1250000,2.9,2,3,345.0,5,Zekrom,5.193446648632521,1.6967418432405177,0,Legendary
626,645,145,90,89,105,80,91,600,3,0,1250000,1.5,10,7,68.0,5,Landorus,3.0799414117831727,1.0995123471426687,2,Fully Evolved
627,646,120,90,125,170,100,95,700,3,60,1250000,3.0,2,11,325.0,5,Kyurem,5.482835868368689,1.0772758293245597,0,Legendary
628,647,72,90,91,129,90,108,580,3,105,1250000,1.4,17,5,48.5,5,Keldeo,2.6979732049038128,0.573201825724209,2,Fully Evolved
629,648,128,90,100,77,77,128,600,3,321,1250000,0.6,12,14,6.5,5,Meloetta,2.530001903307908,0.15680932479550497,2,Fully Evolved
630,649,120,95,71,120,95,99,600,3,356,1250000,1.5,0,16,82.5,5,Genesect,2.9605539279475988,0.8042540866081698,2,Fully Evolved
631,650,61,65,56,48,45,38,313,45,472,1059860,0.4,9,9,9.0,6,Chespin,-1.62876844854137,0.05920617986197662,1,Baby
632,651,78,95,61,56,58,57,405,45,473,1059860,0.7,9,9,29.0,6,Quilladin,-0.30084430242831045,0.026443565205408352,3,
633,652,107,122,88,74,75,64,530,45,473,1059860,1.6,9,5,90.0,6,Chesnaught,1.8027505413795613,0.33284827867850014,2,Fully Evolved
634,653,45,40,40,62,60,60,307,45,195,1059860,0.4,6,6,9.4,6,Fennekin,-1.702187975896621,1.3245221712069861,1,Baby
635,654,59,58,59,90,70,73,409,45,195,1059860,1.0,6,6,14.5,6,Braixen,-0.1609229277729081,1.3703390407640836,2,Fully Evolved
636,655,69,72,75,114,100,104,534,45,195,1059860,1.5,6,14,39.0,6,Delphox,1.6884802504006213,0.5228701025922254,2,Fully Evolved
637,656,56,40,41,62,44,71,314,45,68,1059860,0.3,17,17,7.0,6,Froakie,-1.610054589815861,-0.9597595744318578,1,Baby
638,657,63,52,54,83,56,97,405,45,68,1059860,0.6,17,17,10.9,6,Frogadier,-0.33705360607163043,-0.7588545871288971,3,
639,658,145,67,72,153,71,132,640,45,345,1059860,1.5,17,1,40.0,6,Greninja,3.0166365023810866,1.6899149341267066,2,Fully Evolved
640,659,36,38,38,32,36,57,237,255,135,1000000,0.4,12,12,5.0,6,Bunnelby,-3.62999618011332,-0.27593660805589926,1,Baby
641,660,56,77,85,50,77,78,423,127,135,1000000,1.0,12,10,42.4,6,Diggersby,-0.2634475431653376,-0.17294472935728622,3,
642,661,50,43,45,40,38,62,278,255,520,1059860,0.3,12,7,1.7,6,Fletchling,-3.1562659622071583,0.24234863526293732,1,Baby
643,662,73,55,62,56,52,84,382,120,159,1059860,0.7,6,7,16.0,6,Fletchinder,-0.9670281651100767,1.3419435688864263,1,Baby
644,663,81,71,78,74,69,126,499,45,423,1059860,1.2,6,7,24.5,6,Talonflame,0.9636030032822217,1.5066114323092765,2,Fully Evolved
645,664,35,40,38,27,25,35,200,255,422,1000000,0.3,0,0,2.5,6,Scatterbug,-4.237709979239946,2.1234378471699036,1,Baby
646,665,22,60,45,27,30,29,213,120,422,1000000,0.3,0,0,8.4,6,Spewpa,-3.4255556704943073,1.9149336201929026,1,Baby
647,666,52,50,80,90,50,89,411,45,418,1000000,1.2,0,7,17.0,6,Vivillon,-0.2372500098694564,1.9138411461174631,2,Fully Evolved
648,667,50,58,62,73,54,72,369,220,290,1059860,0.6,6,12,13.5,6,Litleo,-1.6286835990136124,0.427534112606283,1,Baby
649,668,68,72,86,109,66,106,507,65,410,1059860,1.5,6,12,81.5,6,Pyroar,1.260122842162149,0.6554335666401286,2,Fully Evolved
650,669,38,39,44,61,79,42,303,225,451,1000000,0.1,4,4,0.1,6,Flabébé,-2.7227443194288474,1.2596969885447966,1,Baby
651,670,65,67,74,125,128,92,551,120,169,1000000,0.2,4,4,0.9,6,Floette,1.1266598118295623,1.9357219580648468,2,Fully Evolved
652,671,65,68,78,112,154,75,552,45,203,1000000,1.1,4,4,10.0,6,Florges,1.8201486606376835,1.5663221804281382,2,Fully Evolved
653,672,65,48,66,62,57,52,350,200,333,1000000,0.9,9,9,31.0,6,Skiddo,-1.6556014260976695,0.23928925563247128,1,Baby
654,673,100,62,123,97,81,68,531,45,333,1000000,1.7,9,9,91.0,6,Gogoat,1.894634875205858,0.3388290955889372,2,Fully Evolved
655,674,82,62,67,46,48,43,348,220,369,1000000,0.6,5,5,8.0,6,Pancham,-1.928081405791806,1.011780807692475,1,Baby
656,675,124,78,95,69,71,58,495,65,125,1000000,2.1,5,1,136.0,6,Pangoro,1.55276386557953,1.6294493759429705,2,Fully Evolved
657,676,80,60,75,65,90,102,472,160,379,1000000,1.2,12,12,28.0,6,Furfrou,0.1605406406773997,-0.10920059963983078,2,Fully Evolved
658,677,48,54,62,63,60,68,355,190,399,1000000,0.3,14,14,3.5,6,Espurr,-1.8206684772751263,-0.8163672473886698,1,Baby
659,678,48,76,74,83,81,104,466,75,108,1000000,0.6,14,14,8.5,6,Meowstic,0.2875114929276195,-0.39392593183282426,3,
660,679,80,100,45,35,37,28,325,180,499,1000000,0.8,16,8,2.0,6,Honedge,-2.0272916135499237,-1.026219120951541,1,Baby
661,680,110,150,59,45,49,35,448,90,499,1000000,0.8,16,8,4.5,6,Doublade,0.02413548964227494,-1.1978178687391146,3,
662,681,150,50,60,150,50,60,520,45,411,1000000,1.7,16,8,53.0,6,Aegislash,1.5669651667413256,0.2663846016347168,2,Fully Evolved
663,682,52,60,78,63,65,23,341,200,361,1000000,0.2,4,4,0.5,6,Spritzee,-1.985537268221278,1.0127674590857632,1,Baby
664,683,72,72,101,99,89,29,462,140,196,1000000,0.8,4,4,15.5,6,Aromatisse,0.18547186606317115,1.1561104294339766,2,Fully Evolved
665,684,48,66,62,59,57,49,341,200,112,1000000,0.4,4,4,3.5,6,Swirlix,-1.959992780168786,1.3928970129726026,1,Baby
666,685,80,86,82,85,75,72,480,140,322,1000000,0.8,4,4,5.0,6,Slurpuff,0.21909203252461554,1.4717578311279074,2,Fully Evolved
667,686,54,53,53,37,46,45,288,190,400,1000000,0.4,1,14,3.5,6,Inkay,-2.709707110603201,0.3133384462837104,1,Baby
668,687,92,88,86,68,75,73,482,80,353,1000000,1.5,1,14,47.0,6,Malamar,0.8022237899733305,0.40377397825267325,2,Fully Evolved
669,688,52,67,42,39,56,50,306,120,540,1000000,0.5,15,17,31.0,6,Binacle,-2.059010496056784,-1.7184181301066888,1,Baby
670,689,105,115,72,54,86,68,500,45,102,1000000,1.3,15,17,96.0,6,Barbaracle,1.3789677804231533,-1.6194510292256943,3,
671,690,60,60,50,60,60,30,320,225,327,1000000,0.5,13,17,7.3,6,Skrelp,-2.291397674393445,-1.4705718418955651,1,Baby
672,691,75,90,65,97,123,44,494,55,327,1000000,1.8,13,2,81.5,6,Dragalge,1.3895289520213905,0.23398161310421073,2,Fully Evolved
673,692,53,62,50,58,63,44,330,225,552,1250000,0.5,17,17,8.3,6,Clauncher,-1.9924390040075317,-1.7689895542575993,1,Baby
674,693,73,88,71,120,89,59,500,55,237,1250000,1.3,17,17,35.3,6,Clawitzer,1.4174243576421757,-1.4154291893692315,3,
675,694,38,33,44,61,43,70,289,190,206,1000000,0.5,3,12,6.0,6,Helioptile,-2.679857686264758,0.9289317247326687,1,Baby
676,695,55,52,62,109,94,109,481,75,206,1000000,1.0,3,12,21.0,6,Heliolisk,0.5615101762974569,1.260612532944869,2,Fully Evolved
677,696,89,77,58,45,45,48,362,45,409,1000000,0.8,15,2,26.0,6,Tyrunt,-0.8609188109364742,0.33341843964542106,1,Baby
678,697,121,119,82,69,59,71,521,45,131,1000000,2.5,15,2,270.0,6,Tyrantrum,2.3893633887376136,0.11786236687304119,0,Legendary
679,698,59,50,77,67,63,46,362,45,534,1000000,1.3,15,11,25.2,6,Amaura,-0.6937008191019262,-0.8286182225932213,3,
680,699,77,72,123,99,92,58,521,45,534,1000000,2.7,15,11,225.0,6,Aurorus,2.377428108468341,-1.196716109604496,3,
681,700,65,65,95,110,130,60,525,45,249,1000000,1.0,4,4,23.5,6,Sylveon,1.4850643970721973,1.430800806520609,2,Fully Evolved
682,701,92,75,78,74,63,118,500,100,575,1000000,0.8,5,7,21.5,6,Hawlucha,0.5274028727861533,1.4188496570997113,2,Fully Evolved
683,702,58,57,67,81,67,101,431,180,6,1000000,0.2,3,4,2.2,6,Dedenne,-0.8070870360451669,2.2723056205533183,2,Fully Evolved
684,703,50,150,50,50,150,50,500,60,262,1250000,0.3,15,4,5.7,6,Carbink,1.0687722783809963,-0.5003836966695303,3,
685,704,50,35,45,55,75,40,300,45,464,1250000,0.3,2,2,2.8,6,Goomy,-1.6663481187152658,2.012023981227942,1,Baby
686,705,75,53,68,83,113,60,452,45,464,1250000,0.8,2,2,17.5,6,Sliggoo,0.5641910833442175,2.072404707040495,2,Fully Evolved
687,706,100,70,90,110,150,80,600,45,144,1250000,2.0,2,2,150.5,6,Goodra,3.3051935888142703,2.1388398747288755,2,Fully Evolved
688,707,80,91,57,80,87,75,470,75,268,800000,0.2,16,4,3.0,6,Klefki,0.05006728441723217,0.13443802875985933,2,Fully Evolved
689,708,70,48,43,50,60,38,309,120,490,1000000,0.4,8,9,7.0,6,Phantump,-2.0772145447076586,0.21080681449463087,1,Baby
690,709,110,76,85,65,82,56,474,60,152,1000000,1.5,8,9,71.0,6,Trevenant,0.9763378703339745,0.3292247869581642,2,Fully Evolved
691,710,66,70,59,44,55,41,335,120,389,1000000,0.8,8,9,15.0,6,Pumpkaboo,-1.5764502718307942,0.05927107749262533,1,Baby
692,711,100,122,85,58,75,54,494,60,389,1000000,1.7,8,9,39.0,6,Gourgeist,1.136616372552215,-0.1868443006715227,3,
693,712,69,85,55,32,35,28,304,190,242,1000000,1.0,11,11,99.5,6,Bergmite,-1.9953856678547275,-0.7989831356571498,1,Baby
694,713,117,184,95,44,46,28,514,55,243,1000000,2.0,11,11,505.0,6,Avalugg,2.732568402223523,-1.9365650614448051,0,Legendary
695,714,30,35,40,45,40,55,245,190,466,1000000,0.5,7,2,8.0,6,Noibat,-3.2854594448461465,1.3565061376287937,1,Baby
696,715,70,80,85,97,80,123,535,45,466,1000000,1.5,7,2,85.0,6,Noivern,1.6380378350163345,1.7754170338965105,2,Fully Evolved
697,716,131,95,126,131,98,99,680,45,287,1250000,3.0,4,4,215.0,6,Xerneas,4.717552243508289,1.714448592329407,0,Legendary
698,717,131,95,126,131,98,99,680,45,132,1250000,5.8,1,7,203.0,6,Yveltal,5.492713592449897,1.5695393626014789,0,Legendary
699,718,100,121,216,91,95,85,708,3,351,1250000,5.0,2,10,284.6,6,Zygarde,6.125306672090892,0.20923010119030813,0,Legendary
700,719,160,110,50,160,110,110,700,3,262,1250000,0.7,15,4,8.8,6,Diancie,3.9500782239061825,1.289420357039079,2,Fully Evolved
701,721,110,120,80,130,90,70,600,3,485,1250000,1.7,6,17,195.0,6,Volcanion,3.3708348077034604,-0.5788998197382829,0,Legendary
702,722,55,55,68,50,50,42,320,45,214,1059860,0.3,9,7,1.5,7,Rowlet,-1.48394942709049,0.6570761001938912,1,Baby
703,723,75,75,78,70,70,52,420,45,48,1059860,0.7,9,7,16.0,7,Dartrix,0.04630963367839187,0.7363812261326256,2,Fully Evolved
704,724,107,75,78,100,100,70,530,45,12,1059860,1.6,9,8,36.6,7,Decidueye,1.8235189333883017,0.8560398541106693,2,Fully Evolved
705,725,65,40,45,60,40,70,320,45,173,1059860,0.4,6,6,4.3,7,Litten,-1.554347247318849,1.650777750752217,1,Baby
706,726,85,50,65,80,50,90,420,45,173,1059860,0.7,6,6,25.0,7,Torracat,-0.09461995700760745,1.8152838922041292,2,Fully Evolved
707,727,115,90,95,80,90,60,530,45,229,1059860,1.8,6,1,83.0,7,Incineroar,1.9603414568764848,1.5904529213342689,2,Fully Evolved
708,728,54,54,50,66,56,40,320,45,433,1059860,0.4,17,17,7.5,7,Popplio,-1.4736769108988994,-1.5575050315579917,1,Baby
709,729,69,69,60,91,81,50,420,45,380,1059860,0.6,17,17,17.5,7,Brionne,-0.030117064614828798,-1.50305123168628,3,
710,730,74,74,80,126,116,60,530,45,465,1059860,1.8,17,4,44.0,7,Primarina,1.8588311573154714,0.048140459866640534,2,Fully Evolved
711,731,75,30,35,30,30,65,265,255,571,1000000,0.3,12,7,1.2,7,Pikipek,-3.3988561061382776,0.4705927871781081,1,Baby
712,732,85,50,55,40,50,75,355,120,72,1000000,0.6,12,7,14.8,7,Trumbeak,-1.3347657179839045,0.7537048124989479,1,Baby
713,733,120,75,80,75,75,60,485,45,77,1000000,1.1,12,7,26.0,7,Toucannon,0.9968487351312951,0.5377312445170054,2,Fully Evolved
714,734,70,30,48,30,30,45,253,255,296,1000000,0.4,12,12,6.0,7,Yungoos,-3.3876468718263424,-0.24312936975408564,1,Baby
715,735,110,60,88,55,60,45,418,127,481,1000000,0.7,12,12,14.2,7,Gumshoos,-0.46738806157163515,-0.46677198582757756,3,
716,736,62,45,47,55,45,46,300,255,278,1000000,0.4,0,0,4.4,7,Grubbin,-2.803798699770087,2.4986225802362254,1,Baby
717,737,82,95,57,55,75,36,400,120,31,1000000,0.5,0,3,10.5,7,Charjabug,-0.7045482243063514,1.8249621808023369,2,Fully Evolved
718,738,70,90,77,145,75,43,500,45,479,1000000,1.5,0,3,45.0,7,Vikavolt,1.2278541204331612,1.8551170406628397,2,Fully Evolved
719,739,82,57,47,42,47,63,338,225,62,1000000,0.6,5,5,7.0,7,Crabrawler,-2.066757196861996,1.5599690504328891,1,Baby
720,740,132,77,97,62,67,43,478,60,573,1000000,1.7,5,11,180.0,7,Crabominable,1.2970186861836301,0.02203635887945775,2,Fully Evolved
721,741,70,70,75,98,70,93,476,45,122,1000000,0.6,6,7,3.4,7,Oricorio,0.5465906115437662,1.5456443615358082,2,Fully Evolved
722,742,45,40,40,55,40,84,304,190,35,1000000,0.1,0,4,0.2,7,Cutiefly,-2.601679631311702,2.606359064454989,1,Baby
723,743,55,60,60,95,70,124,464,75,35,1000000,0.2,0,4,0.5,7,Ribombee,0.03750086134967695,2.9932375363959363,2,Fully Evolved
724,744,65,40,45,30,40,60,280,190,392,1000000,0.5,15,15,9.2,7,Rockruff,-2.7437467684493217,-0.937745041582501,1,Baby
725,746,140,130,45,140,135,30,620,60,458,800000,0.2,17,17,0.3,7,Wishiwashi,2.2348653860795222,-2.0706367717873433,3,
726,747,53,62,50,43,52,45,305,190,67,1000000,0.4,13,17,8.0,7,Mareanie,-2.32541897142706,-1.1098581140658195,1,Baby
727,748,63,152,50,53,142,35,495,75,67,1000000,0.7,13,17,14.5,7,Toxapex,0.9235336095378764,-2.0281653076224053,3,
728,749,100,70,70,45,55,45,385,190,141,1000000,1.0,10,10,110.0,7,Mudbray,-0.8314596057283796,-0.06721864124479082,1,Baby
729,750,125,100,100,55,85,35,500,60,143,1000000,2.5,10,10,920.0,7,Mudsdale,3.812446237477395,-1.4787982446905317,0,Legendary
730,751,40,52,38,40,72,27,269,200,550,1000000,0.3,17,0,4.0,7,Dewpider,-2.9379810333031595,0.10779292291659484,1,Baby
731,752,70,92,68,50,132,42,454,100,550,1000000,1.8,17,0,82.0,7,Araquanid,0.6583859874701035,-0.2696355512438163,3,
732,753,55,35,40,50,35,35,250,190,450,1000000,0.3,9,9,1.5,7,Fomantis,-3.211618661279316,0.29652190638576437,1,Baby
733,754,105,90,70,80,90,45,480,75,54,1000000,0.9,9,9,18.5,7,Lurantis,0.7467811227597057,0.3090237390201981,2,Fully Evolved
734,755,35,55,40,65,75,15,285,190,245,1000000,0.2,9,4,1.5,7,Morelull,-2.6396284578559337,0.5892196345937757,1,Baby
735,756,45,80,60,90,100,30,405,75,245,1000000,1.0,9,4,11.5,7,Shiinotic,-0.26314719364691636,0.5772193253447437,2,Fully Evolved
736,757,44,40,48,71,40,77,320,120,524,1000000,0.6,13,6,4.8,7,Salandit,-1.9634871880400593,0.6265459489857161,1,Baby
737,758,64,60,68,111,60,117,480,45,524,1000000,1.2,13,6,22.2,7,Salazzle,0.6674143990912709,0.9945227434150037,2,Fully Evolved
738,759,75,50,70,45,50,50,340,140,182,1000000,0.5,12,5,6.8,7,Stufful,-1.62092383540687,0.651626682712028,1,Baby
739,760,125,80,120,55,60,60,500,70,489,1000000,2.1,12,5,135.0,7,Bewear,1.571285296578657,0.19354232040776015,2,Fully Evolved
740,761,30,38,42,30,38,32,210,235,202,1059860,0.3,9,9,3.2,7,Bounsweet,-3.8186686359171054,0.2481633521048679,1,Baby
741,762,40,48,52,40,48,62,290,120,202,1059860,0.7,9,9,8.2,7,Steenee,-2.160559296269973,0.536217298632042,1,Baby
742,763,120,98,72,50,98,72,510,45,202,1059860,1.2,9,9,21.4,7,Tsareena,1.341947583009068,0.37654162117926415,2,Fully Evolved
743,764,52,90,51,82,110,100,485,60,381,800000,0.1,4,4,0.3,7,Comfey,0.18501948118668504,1.593136195689211,2,Fully Evolved
744,765,60,80,90,90,110,60,490,45,414,1250000,1.5,12,14,76.0,7,Oranguru,1.496243185326255,-0.751161263486565,3,
745,766,120,90,100,40,60,80,490,45,503,1250000,2.0,5,5,82.8,7,Passimian,1.514919500413527,1.2930157580388226,2,Fully Evolved
746,767,35,40,25,20,30,80,230,90,535,1000000,0.5,0,17,12.0,7,Wimpod,-3.1410849712846143,0.5110898862530934,1,Baby
747,768,125,140,75,60,90,40,530,45,224,1000000,2.0,0,17,108.0,7,Golisopod,2.0045926391143882,-0.4565083344506976,3,
748,769,55,80,55,70,45,15,320,140,416,1000000,0.5,8,10,70.0,7,Sandygast,-1.7629847719686282,-0.2860865730295162,1,Baby
749,770,75,110,85,100,75,35,480,60,415,1000000,1.3,8,10,250.0,7,Palossand,1.4212215480411345,-0.4981078415580456,3,
750,771,60,130,55,30,130,5,410,60,430,800000,0.3,17,17,1.2,7,Pyukumuku,-0.47181309320212694,-2.991819934807286,3,
751,772,95,95,95,95,95,59,534,3,501,1250000,1.9,12,12,120.5,7,Type: Null,2.462499151865926,-0.5709944528198816,3,
752,773,95,95,95,95,95,95,570,3,501,1250000,2.3,12,12,100.5,7,Silvally,2.918357368035667,-0.20393793124843992,2,Fully Evolved
753,775,115,65,65,75,95,65,480,45,148,1250000,0.4,12,12,19.9,7,Komala,0.9333183478708842,0.17552096215807803,2,Fully Evolved
754,776,78,135,60,91,85,36,485,70,50,1000000,2.0,6,2,212.0,7,Turtonator,1.5874728146353319,0.757722671115012,2,Fully Evolved
755,777,98,63,65,40,73,96,435,180,408,1000000,0.3,3,16,3.3,7,Togedemaru,-0.7731228467879796,0.45735466341698966,1,Baby
756,778,90,80,55,50,105,96,476,45,139,1000000,0.2,8,4,0.7,7,Mimikyu,0.44337455804472414,1.4979139063916673,2,Fully Evolved
757,779,105,70,68,70,70,92,475,80,211,1000000,0.9,17,14,19.0,7,Bruxish,0.5226627563495505,-0.6280728200233033,3,
758,780,60,85,78,135,91,36,485,70,366,1000000,3.0,12,2,185.0,7,Drampa,1.794349918569048,0.31339523327427554,2,Fully Evolved
759,781,131,100,70,86,90,40,517,25,429,1000000,3.9,8,9,210.0,7,Dhelmise,2.6941738523448926,-0.26933579577082334,0,Legendary
760,782,55,65,45,45,45,45,300,45,419,1250000,0.6,2,2,29.7,7,Jangmo-o,-1.5463793273838746,1.9781769026570253,1,Baby
761,783,75,90,55,65,70,65,420,45,419,1250000,1.2,2,5,47.0,7,Hakamo-o,0.25431031457272446,1.609629941066767,2,Fully Evolved
762,784,110,125,75,100,105,85,600,45,419,1250000,1.6,2,5,78.2,7,Kommo-o,2.8578096811224096,1.6032220527695482,2,Fully Evolved
763,785,115,85,70,95,75,130,570,3,277,1250000,1.8,3,4,20.5,7,Tapu Koko,2.462311397320769,2.6387721146464016,2,Fully Evolved
764,786,85,75,70,130,115,95,570,3,277,1250000,1.2,14,4,18.6,7,Tapu Lele,2.4641313568054453,1.1428336433443755,2,Fully Evolved
765,787,130,115,70,85,95,75,570,3,277,1250000,1.9,9,4,45.5,7,Tapu Bulu,2.7225374834150546,1.1233104359296933,2,Fully Evolved
766,788,75,115,70,95,130,85,570,3,277,1250000,1.3,17,4,21.2,7,Tapu Fini,2.535473057025658,0.20702313452176935,2,Fully Evolved
767,789,29,31,43,29,31,37,200,45,342,1250000,0.2,14,14,0.1,7,Cosmog,-2.9883173579336795,-0.6397941714266375,1,Baby
768,790,29,131,43,29,131,37,400,45,385,1250000,0.1,14,14,999.9,7,Cosmoem,2.2126068141269237,-2.957654101413123,0,Legendary
769,791,137,107,137,113,89,97,680,45,493,1250000,3.4,14,16,230.0,7,Solgaleo,4.883629354723974,-1.097819292508378,0,Legendary
770,792,113,89,137,137,107,97,680,45,330,1250000,4.0,14,8,120.0,7,Lunala,4.838910702396786,0.20647935913377108,0,Legendary
771,793,53,47,109,127,131,103,570,45,357,1250000,1.2,15,13,55.5,7,Nihilego,2.4151375967801387,-0.1502137909171302,2,Fully Evolved
772,794,139,139,107,53,53,79,570,25,497,1250000,2.4,0,5,333.6,7,Buzzwole,3.3739551799136893,1.2444047959660671,0,Legendary
773,795,137,37,71,137,37,151,570,255,291,1250000,1.8,0,5,25.0,7,Pheromosa,1.2554375911052453,3.5880952214835102,2,Fully Evolved
774,796,89,71,83,173,71,83,570,30,210,1250000,3.8,3,3,100.0,7,Xurkitree,3.2331946550789956,2.37489682448658,2,Fully Evolved
775,797,101,103,97,107,101,61,570,25,279,1250000,9.2,16,7,999.9,7,Celesteela,7.134587642573547,-1.88197136953366,0,Legendary
776,798,181,131,59,59,31,109,570,255,145,1250000,0.3,9,16,0.1,7,Kartana,0.8962565007828044,0.2231375395468325,2,Fully Evolved
777,799,101,53,223,97,53,43,570,15,266,1250000,5.5,1,2,888.0,7,Guzzlord,5.993226579699257,0.8644399089084127,0,Legendary
778,800,107,101,97,127,89,79,600,3,384,1250000,2.4,14,14,230.0,7,Necrozma,3.736210795504524,-0.8042613717964839,0,Legendary
779,801,95,115,80,130,115,65,600,3,13,1250000,1.0,16,4,80.5,7,Magearna,3.1036500349436165,0.44343540256639935,2,Fully Evolved
