,pokedex_number,attack,defense,hp,sp_attack,sp_defense,speed,percentage_male,base_total,capture_rate,classfication,is_legendary,height_m,type1,type2,weight_kg,generation,name,PC1,PC2,Cluster,Cluster Name
0,1,49,49,45,65,65,45,88.1,318,45,440,0,0.7,9,13,6.9,1,Bulbasaur,-1.3786798108550782,-0.8512101043507976,1,Baby
1,2,62,63,60,80,80,60,88.1,405,45,440,0,1.0,9,13,13.0,1,Ivysaur,-0.17382485673267184,-0.7595642461436436,0,Fully Evolved
2,3,100,123,80,122,120,80,88.1,625,45,440,0,2.0,9,13,100.0,1,Venusaur,3.1199621393913386,-0.9548725130657415,0,Fully Evolved
3,4,52,43,39,60,50,65,88.1,309,45,295,0,0.6,6,6,8.5,1,Charmander,-1.5747810926422425,0.733430934630849,1,Baby
4,5,64,58,58,80,65,80,88.1,405,45,183,0,1.1,6,6,19.0,1,Charmeleon,-0.16679152914507772,0.8847552907679332,0,Fully Evolved
5,6,104,78,78,159,115,100,88.1,634,45,183,0,1.7,6,7,90.5,1,Charizard,3.135732076507674,1.04063225711557,0,Fully Evolved
6,7,48,65,44,50,64,43,88.1,314,45,521,0,0.5,17,17,9.0,1,Squirtle,-1.4590797575186047,-2.455083522741655,1,Baby
7,8,63,80,59,65,80,58,88.1,405,45,536,0,1.0,17,17,22.5,1,Wartortle,-0.13449802692336651,-2.401608236993729,0,Fully Evolved
8,9,103,120,79,135,115,78,88.1,630,45,448,0,1.6,17,17,85.5,1,Blastoise,3.082212977195709,-2.198229183028665,0,Fully Evolved
9,10,30,35,45,20,20,45,50.0,195,255,574,0,0.3,0,0,2.9,1,Caterpie,-4.402953943976964,1.557224348275351,1,Baby
10,11,20,55,50,25,25,30,50.0,205,120,100,0,0.7,0,0,9.9,1,Metapod,-3.447673842078873,1.5994436752491104,1,Baby
11,12,45,50,60,90,80,70,50.0,395,45,74,0,1.1,0,7,32.0,1,Butterfree,-0.5162183156941907,1.436003925632719,0,Fully Evolved
12,13,35,30,40,20,20,50,50.0,195,255,221,0,0.3,0,13,3.2,1,Weedle,-4.335018121509848,0.27064102602015727,1,Baby
13,14,25,50,45,25,25,35,50.0,205,120,100,0,0.6,0,13,10.0,1,Kakuna,-3.4722743113543735,0.08542058903414101,1,Baby
14,15,150,40,65,15,80,145,50.0,495,45,373,0,1.0,0,13,29.5,1,Beedrill,0.5363179884426328,1.3696366025555822,0,Fully Evolved
15,16,45,40,40,35,35,56,50.0,251,255,515,0,0.3,12,7,1.8,1,Pidgey,-3.625974783682677,-0.400809766456803,1,Baby
16,17,60,55,63,50,50,71,50.0,349,120,44,0,1.1,12,7,30.0,1,Pidgeotto,-1.4157872268422984,0.016361895329194732,1,Baby
17,18,80,80,83,135,80,121,50.0,579,45,44,0,1.5,12,7,39.5,1,Pidgeot,1.9286727228543827,0.7381862088129097,0,Fully Evolved
18,21,60,30,40,31,31,70,50.0,262,255,515,0,0.3,12,7,2.0,1,Spearow,-3.5135531346540168,-0.14395773332973974,1,Baby
19,22,90,65,65,61,61,100,50.0,442,90,32,0,1.2,12,7,38.0,1,Fearow,-0.09504957274417208,0.3880066162997798,0,Fully Evolved
20,23,60,44,35,40,54,55,50.0,288,255,460,0,2.0,13,13,6.9,1,Ekans,-2.65203726549062,-1.362079253354865,1,Baby
21,24,95,69,60,65,79,80,50.0,448,90,99,0,3.5,13,13,65.0,1,Arbok,0.7079013098271764,-0.9695862119060062,0,Fully Evolved
22,25,55,40,35,50,50,90,50.0,320,190,334,0,0.4,3,3,6.0,1,Pikachu,-2.49241441039446,1.663419905013453,1,Baby
23,29,47,52,55,40,40,41,0.0,275,235,376,0,0.4,13,13,7.0,1,Nidoran♀,-3.4925867823058434,-1.3164381499743996,1,Baby
24,30,62,67,70,55,55,56,0.0,365,120,376,0,0.8,13,13,20.0,1,Nidorina,-1.7091544085894532,-1.1646423542062314,1,Baby
25,31,92,87,90,75,85,76,0.0,505,45,147,0,1.3,13,10,60.0,1,Nidoqueen,0.6845599134818862,-0.5021382572093698,0,Fully Evolved
26,32,57,40,46,40,40,50,100.0,273,235,376,0,0.5,13,13,9.0,1,Nidoran♂,-2.7406028022089064,-1.301276648708828,1,Baby
27,33,72,57,61,55,55,65,100.0,365,120,376,0,0.9,13,13,19.5,1,Nidorino,-0.9386043826022644,-1.1597916991247632,1,Baby
28,34,102,77,81,85,75,85,100.0,505,45,147,0,1.4,13,10,62.0,1,Nidoking,1.4492661478739948,-0.4382079360570325,0,Fully Evolved
29,35,45,48,70,60,65,35,24.6,323,150,169,0,0.6,4,4,7.5,1,Clefairy,-2.2168000849032414,0.8926311764297387,1,Baby
30,36,70,73,95,95,90,60,24.6,483,25,169,0,1.3,4,4,40.0,1,Clefable,0.6307926791432189,1.1262966789844118,0,Fully Evolved
31,39,45,20,115,45,25,20,24.6,270,170,26,0,0.5,12,4,5.5,1,Jigglypuff,-2.909956531448621,0.10688486662394775,1,Baby
32,40,70,45,140,85,50,45,24.6,435,50,26,0,1.0,12,4,12.0,1,Wigglytuff,-0.13507997134675245,0.4105618055332926,0,Fully Evolved
33,41,45,35,40,30,40,55,50.0,245,255,30,0,0.8,13,7,7.5,1,Zubat,-3.452281165740403,-0.23928676937585577,1,Baby
34,42,80,70,75,65,75,90,50.0,455,90,30,0,1.6,13,7,55.0,1,Golbat,0.26848620579529553,0.031217799230457397,0,Fully Evolved
35,43,50,55,45,75,65,30,50.0,320,255,555,0,0.5,9,13,5.4,1,Oddish,-2.6025418560413844,-1.1332914838334318,1,Baby
36,44,65,70,60,85,75,40,50.0,395,120,555,0,0.8,9,13,8.6,1,Gloom,-0.9706542343250973,-1.0124702362197646,1,Baby
37,45,80,85,75,110,90,50,50.0,490,45,187,0,1.2,9,13,18.6,1,Vileplume,0.7762590098497295,-0.6482828146570243,0,Fully Evolved
38,46,70,55,35,45,55,25,50.0,285,190,338,0,0.3,0,9,5.4,1,Paras,-2.83932403287174,0.4554734582957776,1,Baby
39,47,95,80,60,60,80,30,50.0,405,75,338,0,1.0,0,9,29.5,1,Parasect,-0.5265917879354218,0.3924084713432459,0,Fully Evolved
40,48,55,50,60,40,55,45,50.0,305,190,248,0,1.0,0,13,30.0,1,Venonat,-2.3341458060971565,0.07234731906957632,1,Baby
41,49,65,60,70,90,75,90,50.0,450,75,375,0,1.5,0,13,12.5,1,Venomoth,0.02460117068440673,0.6638701853997486,0,Fully Evolved
42,54,52,48,50,65,50,55,50.0,320,190,149,0,0.8,17,17,19.6,1,Psyduck,-2.155602916488378,-1.925229055628128,1,Baby
43,55,82,78,80,95,80,85,50.0,500,75,149,0,1.7,17,17,76.6,1,Golduck,1.0149491985897559,-1.750506011846013,0,Fully Evolved
44,56,80,35,40,35,45,70,50.0,305,190,362,0,0.5,5,5,28.0,1,Mankey,-2.554880804191309,0.9768828240016586,1,Baby
45,57,105,60,65,60,70,95,50.0,455,75,362,0,1.0,5,5,32.0,1,Primeape,-0.0007259872236618295,1.2153362358853175,0,Fully Evolved
46,58,70,45,55,70,50,60,75.4,350,190,392,0,0.7,6,6,19.0,1,Growlithe,-1.7134450197850832,0.5859697875977,1,Baby
47,59,110,80,90,100,80,95,75.4,555,75,285,0,1.9,6,6,155.0,1,Arcanine,2.0597986485384565,0.7435281593239152,0,Fully Evolved
48,60,50,40,40,40,40,90,50.0,300,255,502,0,0.6,17,17,12.4,1,Poliwag,-2.923068898917518,-1.831998219215747,1,Baby
49,61,65,65,65,50,50,90,50.0,385,120,502,0,1.0,17,17,20.0,1,Poliwhirl,-1.0998667495196697,-1.9141163065151594,1,Baby
50,62,95,95,90,70,90,70,50.0,510,45,502,0,1.3,17,5,54.0,1,Poliwrath,1.0792755723712062,-0.7741678083130764,0,Fully Evolved
51,63,20,15,25,105,55,90,75.4,310,200,388,0,0.9,14,14,19.5,1,Abra,-2.2433279138802984,-0.7508885744915128,1,Baby
52,64,35,30,40,120,70,105,75.4,400,100,388,0,1.3,14,14,56.5,1,Kadabra,-0.46672472949292404,-0.6426730599475715,0,Fully Evolved
53,65,50,65,55,175,105,150,75.4,600,50,388,0,1.5,14,14,48.0,1,Alakazam,2.293842908276115,-0.1695358237040416,0,Fully Evolved
54,66,80,50,70,35,35,35,75.4,305,180,494,0,0.8,5,5,19.5,1,Machop,-2.1983512595225445,0.3357665440994878,1,Baby
55,67,100,70,80,50,60,45,75.4,405,90,494,0,1.5,5,5,70.5,1,Machoke,-0.20851422441869835,0.30977910993999197,0,Fully Evolved
56,68,130,80,90,65,85,55,75.4,505,45,494,0,1.6,5,5,130.0,1,Machamp,1.4552308930684843,0.3885808735892422,0,Fully Evolved
57,69,75,35,50,70,30,40,50.0,300,255,187,0,0.7,9,13,4.0,1,Bellsprout,-2.7896133512368952,-0.5381333797336948,1,Baby
58,70,90,50,65,85,45,55,50.0,390,120,189,0,1.0,9,13,6.4,1,Weepinbell,-0.9719247867382489,-0.3516314336709657,1,Baby
59,71,105,65,80,100,70,70,50.0,490,45,189,0,1.7,9,13,15.5,1,Victreebel,0.8483587917585906,-0.2637167115656824,0,Fully Evolved
60,72,40,35,40,50,100,70,50.0,335,190,260,0,0.9,17,13,45.5,1,Tentacool,-1.8741384403534338,-1.4760744629775753,1,Baby
61,73,70,65,80,80,120,100,50.0,515,60,260,0,1.6,17,13,55.0,1,Tentacruel,1.1915527979048388,-1.2034628375049112,0,Fully Evolved
62,77,85,55,50,65,65,90,50.0,410,190,174,0,1.0,6,6,30.0,1,Ponyta,-1.0482185568439633,0.9997620865620938,1,Baby
63,78,100,70,65,80,80,105,50.0,500,60,174,0,1.7,6,6,95.0,1,Rapidash,1.0047144083833563,1.0661883350759613,0,Fully Evolved
64,79,65,65,90,40,40,15,50.0,315,190,142,0,1.2,17,14,36.0,1,Slowpoke,-1.973359079544844,-2.243831872915961,1,Baby
65,80,75,180,95,130,80,30,50.0,590,75,231,0,1.6,17,14,78.5,1,Slowbro,2.209676211916729,-2.6060482400978207,0,Fully Evolved
66,81,35,70,25,95,55,45,101.0,325,190,312,0,0.3,3,16,6.0,1,Magnemite,-1.966768800604793,-0.6008284786808147,1,Baby
67,82,60,95,50,120,70,70,101.0,465,60,312,0,1.0,3,16,60.0,1,Magneton,0.6852036868417755,-0.4182219894768392,0,Fully Evolved
68,83,90,55,52,58,62,60,50.0,377,45,561,0,0.8,12,7,15.0,1,Farfetch'd,-0.9147748021925264,-0.22980529929900648,1,Baby
69,84,85,45,35,35,35,75,50.0,310,190,538,0,1.4,12,7,39.2,1,Doduo,-2.259407690640121,-0.2058107492724272,1,Baby
70,85,110,70,60,60,60,110,50.0,470,45,533,0,1.8,12,7,85.2,1,Dodrio,0.6077932387411062,0.11286240981403182,0,Fully Evolved
71,86,45,55,65,45,70,45,50.0,325,190,433,0,1.1,17,17,90.0,1,Seel,-1.8390755011676856,-2.5580649904619115,1,Baby
72,87,70,80,90,70,95,70,50.0,475,75,433,0,1.7,17,11,120.0,1,Dewgong,0.7976566385442974,-1.610253461971503,0,Fully Evolved
73,90,65,100,30,45,25,40,50.0,305,190,46,0,0.3,17,17,4.0,1,Shellder,-2.5439813760888876,-2.288081452469602,1,Baby
74,91,95,180,50,85,45,70,50.0,525,60,46,0,1.5,17,11,132.5,1,Cloyster,1.4018771789108393,-1.741947916882775,0,Fully Evolved
75,92,35,30,30,100,35,80,50.0,310,190,204,0,1.3,8,13,0.1,1,Gastly,-2.336566983747932,0.04458019206188814,1,Baby
76,93,50,45,45,115,55,95,50.0,405,90,204,0,1.6,8,13,0.1,1,Haunter,-0.6054580399355108,0.20250930855778435,0,Fully Evolved
77,94,65,80,60,170,95,130,50.0,600,45,442,0,1.5,8,13,40.5,1,Gengar,2.0920160386621633,0.35182564914146675,0,Fully Evolved
78,95,45,160,35,30,45,70,50.0,385,45,406,0,8.8,15,10,210.0,1,Onix,1.689222475747239,-2.54364553816106,0,Fully Evolved
79,96,48,45,60,43,90,42,50.0,328,190,240,0,1.0,14,14,32.4,1,Drowzee,-1.9157923835404456,-1.6351327263488318,1,Baby
80,97,73,70,85,73,115,67,50.0,483,75,240,0,1.6,14,14,75.6,1,Hypno,0.8238188762475296,-1.4371934997707776,0,Fully Evolved
81,98,105,90,30,25,25,50,50.0,325,225,401,0,0.4,17,17,6.5,1,Krabby,-2.4881119060857846,-2.343187807504118,1,Baby
82,99,130,115,55,50,50,75,50.0,475,60,364,0,1.3,17,17,60.0,1,Kingler,0.5140864901065323,-2.145928627923321,0,Fully Evolved
83,100,30,50,40,55,55,100,101.0,330,190,23,0,0.5,3,3,10.4,1,Voltorb,-1.893694825275661,1.7209919548729433,1,Baby
84,101,50,70,60,80,80,150,101.0,490,60,23,0,1.2,3,3,66.6,1,Electrode,0.9765280835034901,2.174690668520596,0,Fully Evolved
85,102,40,80,60,60,45,40,50.0,325,90,151,0,0.4,9,14,2.5,1,Exeggcute,-1.8263342531412585,-1.0092532987934404,1,Baby
86,104,50,95,50,40,50,35,50.0,320,190,297,0,0.4,10,10,6.5,1,Cubone,-2.341993968939564,-0.9946652933614888,1,Baby
87,106,120,53,50,35,110,87,100.0,455,45,269,0,1.5,5,5,49.8,1,Hitmonlee,0.7593262823519944,0.9804041701040458,0,Fully Evolved
88,107,105,79,50,35,110,76,100.0,455,45,390,0,1.4,5,5,50.2,1,Hitmonchan,0.7208391967479257,0.5617834083374019,0,Fully Evolved
89,108,55,75,90,60,75,30,50.0,385,45,286,0,1.2,12,12,65.5,1,Lickitung,-0.42187649649373,-1.41144752363072,0,Fully Evolved
90,109,65,95,40,60,45,35,50.0,340,190,374,0,0.6,13,13,1.0,1,Koffing,-2.05851822121313,-1.5968531541930595,1,Baby
91,110,90,120,65,85,70,60,50.0,490,60,374,0,1.2,13,13,9.5,1,Weezing,0.5976852932715517,-1.3622105635419062,0,Fully Evolved
92,111,85,95,80,30,30,25,50.0,345,120,471,0,1.0,10,15,115.0,1,Rhyhorn,-1.2975992975347281,-1.9281605694639687,1,Baby
93,112,130,120,105,45,45,40,50.0,485,60,147,0,1.9,10,15,120.0,1,Rhydon,1.0675475626408806,-1.611262315114585,0,Fully Evolved
94,113,5,5,250,35,105,50,0.0,450,30,151,0,1.1,12,12,34.6,1,Chansey,0.20451332414172424,-0.9957518912119118,0,Fully Evolved
95,114,55,115,65,100,40,60,50.0,435,45,546,0,1.0,9,9,35.0,1,Tangela,-0.12328455184534379,-0.5077615747228279,0,Fully Evolved
96,115,125,100,105,60,100,100,0.0,590,45,358,0,2.2,12,12,80.0,1,Kangaskhan,1.9941742122497692,-0.7235471304690261,0,Fully Evolved
97,116,40,70,30,70,25,60,50.0,295,225,144,0,0.4,17,17,8.0,1,Horsea,-2.83304337326676,-1.9398590773366142,1,Baby
98,117,65,95,55,95,45,85,50.0,440,75,144,0,1.2,17,17,25.0,1,Seadra,-0.08751295156851219,-1.7094155207995527,0,Fully Evolved
99,118,67,60,45,35,50,63,50.0,320,225,212,0,0.6,17,17,15.0,1,Goldeen,-2.4113919681967917,-2.04246074653822,1,Baby
100,119,92,65,80,65,80,68,50.0,450,60,212,0,1.3,17,17,39.0,1,Seaking,0.27289085620462766,-1.8906261102451212,0,Fully Evolved
101,120,45,55,30,70,55,85,101.0,340,225,484,0,0.8,17,17,34.5,1,Staryu,-1.7666953937947614,-2.004396594840984,1,Baby
102,121,75,85,60,100,85,115,101.0,520,60,340,0,1.1,17,14,80.0,1,Starmie,1.4583641839112116,-1.2607524858371943,0,Fully Evolved
103,122,45,65,40,100,120,90,50.0,460,45,28,0,1.3,14,4,54.5,1,Mr. Mime,0.47199089658407,0.390461154458481,0,Fully Evolved
104,123,110,80,70,55,80,105,50.0,500,45,314,0,1.5,0,7,56.0,1,Scyther,0.8698952612395575,1.422116845247244,0,Fully Evolved
105,124,50,35,65,115,95,95,0.0,455,45,238,0,1.4,11,14,40.6,1,Jynx,-0.02525031414899354,-0.2140930185852625,0,Fully Evolved
106,125,83,57,65,95,85,105,75.4,490,45,156,0,1.1,3,3,30.0,1,Electabuzz,0.8210366652102524,1.966681912111818,0,Fully Evolved
107,126,95,57,65,100,85,93,75.4,495,45,476,0,1.3,6,6,44.5,1,Magmar,0.9562122780002058,0.9486057972280201,0,Fully Evolved
108,127,155,120,65,65,90,105,50.0,600,45,480,0,1.5,0,0,55.0,1,Pinsir,2.1003126847160876,2.090134815091865,0,Fully Evolved
109,128,100,95,75,40,70,110,100.0,490,45,560,0,1.4,12,12,88.4,1,Tauros,1.16465042648609,-0.9346175815721732,0,Fully Evolved
110,129,10,55,20,15,20,80,50.0,200,255,179,0,0.9,17,17,10.0,1,Magikarp,-4.106363093655345,-2.019648598742486,1,Baby
111,130,155,109,95,70,130,81,50.0,640,45,15,0,6.5,17,7,235.0,1,Gyarados,4.669083009328103,-1.2237096951750608,2,Legendary
112,131,85,80,130,85,95,60,50.0,535,45,528,0,2.5,17,11,220.0,1,Lapras,2.193991469342232,-1.8998456583153616,0,Fully Evolved
113,132,48,48,48,48,48,48,101.0,288,35,527,0,0.3,12,12,4.0,1,Ditto,-1.7615745215524294,-1.1007280443529983,1,Baby
114,133,55,50,55,45,65,55,88.1,325,45,166,0,0.3,12,12,6.5,1,Eevee,-1.3438697391663594,-0.8155811153257249,1,Baby
115,134,65,60,130,110,95,65,88.1,525,45,69,0,1.0,17,17,29.0,1,Vaporeon,1.5944549967942203,-1.8037173654324807,0,Fully Evolved
116,135,65,60,65,110,95,130,88.1,525,45,289,0,0.8,3,3,24.5,1,Jolteon,1.2080048975151016,2.120215246401029,0,Fully Evolved
117,136,130,60,65,95,110,65,88.1,525,45,183,0,0.9,6,6,25.0,1,Flareon,1.4311120048778907,0.8981660246529068,0,Fully Evolved
118,137,60,70,65,85,75,40,101.0,395,45,547,0,0.8,12,12,36.5,1,Porygon,-0.1682092052771585,-1.3160857797151515,0,Fully Evolved
119,138,40,100,35,90,55,35,88.1,355,45,474,0,0.4,15,17,7.5,1,Omanyte,-0.9831332008943132,-2.347947461919491,1,Baby
120,139,60,125,70,115,70,55,88.1,495,45,474,0,1.0,15,17,35.0,1,Omastar,1.0364438970236742,-2.291338120947423,0,Fully Evolved
121,140,80,90,30,55,45,55,88.1,355,45,448,0,0.5,15,17,11.5,1,Kabuto,-0.9970033050038491,-2.0598739496569634,1,Baby
122,141,115,105,60,65,70,80,88.1,495,45,448,0,1.3,15,17,40.5,1,Kabutops,1.080530955645919,-1.928304312148685,0,Fully Evolved
123,142,135,85,80,70,95,150,88.1,615,45,194,0,1.8,15,7,59.0,1,Aerodactyl,2.745077410441365,0.33328781650047956,0,Fully Evolved
124,143,110,65,160,65,110,30,88.1,540,25,457,0,2.1,12,12,460.0,1,Snorlax,3.225264076566336,-2.096245071238774,0,Fully Evolved
125,144,85,100,90,95,125,85,101.0,580,3,197,1,1.7,11,7,55.4,1,Articuno,3.6148330601460303,-0.02684972248792441,2,Legendary
126,145,90,85,90,125,90,100,101.0,580,3,156,1,1.6,3,7,52.6,1,Zapdos,3.4876082417265355,1.3526779031450884,2,Legendary
127,146,100,90,90,125,85,90,101.0,580,3,183,1,2.0,6,7,60.0,1,Moltres,3.631988128417308,0.8694433199684497,2,Legendary
128,147,64,45,41,50,50,50,50.0,300,45,144,0,1.8,2,2,3.3,1,Dratini,-1.6415906052808793,1.5749576416887736,1,Baby
129,148,84,65,61,70,70,70,50.0,420,45,144,0,4.0,2,2,16.5,1,Dragonair,0.5005116513506478,1.5504308697148539,0,Fully Evolved
130,149,134,95,91,100,100,80,50.0,600,45,144,0,2.2,2,7,210.0,1,Dragonite,2.8437563431854196,0.8870597912616203,0,Fully Evolved
131,150,150,70,106,194,120,140,101.0,780,3,207,1,2.0,14,14,122.0,1,Mewtwo,6.35439932651538,0.072140163337993,2,Legendary
132,151,100,100,100,100,100,100,101.0,600,45,344,1,0.4,14,14,4.0,1,Mew,3.1657469839996,-0.9187720859021113,2,Legendary
133,152,49,65,45,49,65,45,88.1,318,45,283,0,0.9,9,9,6.4,2,Chikorita,-1.2899757353393875,-0.340412766244325,1,Baby
134,153,62,80,60,63,80,60,88.1,405,45,283,0,1.2,9,9,15.8,2,Bayleef,-0.07769737164710154,-0.26460982758949125,0,Fully Evolved
135,154,82,100,80,83,100,80,88.1,525,45,230,0,1.8,9,9,100.5,2,Meganium,1.8271614214439524,-0.22978085393985395,0,Fully Evolved
136,155,52,43,39,60,50,65,88.1,309,45,175,0,0.5,6,6,7.9,2,Cyndaquil,-1.5586089385380428,0.9206641796871721,1,Baby
137,156,64,58,58,80,65,80,88.1,405,45,548,0,0.9,6,6,19.0,2,Quilava,-0.2658228436397554,0.7553957707678419,0,Fully Evolved
138,157,84,78,78,109,85,100,88.1,534,45,548,0,1.7,6,6,79.5,2,Typhlosion,1.7389402272313268,0.8123066287023758,0,Fully Evolved
139,158,65,64,50,44,48,43,88.1,314,45,41,0,0.6,17,17,9.5,2,Totodile,-1.3333838258873714,-1.9870640961009838,1,Baby
140,159,80,80,65,59,63,58,88.1,405,45,41,0,1.1,17,17,25.0,2,Croconaw,-0.0029178073608572045,-1.931361765937188,0,Fully Evolved
141,160,105,100,85,79,83,78,88.1,530,45,41,0,2.3,17,17,88.8,2,Feraligatr,2.0633755643174663,-1.9331823121377998,0,Fully Evolved
142,161,46,34,35,35,45,20,50.0,215,255,425,0,0.8,12,12,6.0,2,Sentret,-3.815255591213048,-1.2685474355690731,1,Baby
143,162,76,64,85,45,55,90,50.0,415,90,298,0,1.8,12,12,32.5,2,Furret,-0.2864770386897041,-0.586129506892689,0,Fully Evolved
144,163,30,30,60,36,56,50,50.0,262,255,354,0,0.7,12,7,21.2,2,Hoothoot,-3.2180773748250826,-0.3571902716126735,1,Baby
145,164,50,50,100,86,96,70,50.0,452,90,354,0,1.6,12,7,40.8,2,Noctowl,0.25587301767757586,-0.11148263933658994,0,Fully Evolved
146,165,20,30,40,40,80,55,50.0,265,255,180,0,1.0,0,7,10.8,2,Ledyba,-3.1488966855262905,1.0640919870463457,1,Baby
147,166,35,50,55,55,110,85,50.0,390,90,180,0,1.4,0,7,35.6,2,Ledian,-0.6877440433399388,1.3312890791149372,0,Fully Evolved
148,167,60,40,40,40,40,30,50.0,250,255,488,0,0.5,0,13,8.5,2,Spinarak,-3.5284978959220368,0.013579842933946677,1,Baby
149,168,90,70,70,60,70,40,50.0,400,90,299,0,1.1,0,13,33.5,2,Ariados,-0.6051586157755184,0.1578766293208511,0,Fully Evolved
150,169,90,80,85,70,80,130,50.0,535,90,30,0,1.8,13,7,75.0,2,Crobat,1.3433385677279337,0.4780044615484517,0,Fully Evolved
151,170,38,38,75,56,56,67,50.0,330,190,3,0,0.5,17,3,12.0,2,Chinchou,-2.0800954826155076,0.13248452802146715,1,Baby
152,171,58,58,125,76,76,67,50.0,460,75,288,0,1.2,17,3,22.5,2,Lanturn,0.3070039232943383,-0.1377045292062772,0,Fully Evolved
153,172,40,15,20,35,35,60,50.0,205,190,517,0,0.3,3,3,2.0,2,Pichu,-3.973794762138277,1.4385544692506596,1,Baby
154,173,25,28,50,45,55,15,24.6,218,150,482,0,0.3,4,4,3.0,2,Cleffa,-3.670837702786589,0.6509893915296499,1,Baby
155,174,30,15,90,40,20,15,24.6,210,170,26,0,0.3,12,4,1.0,2,Igglybuff,-3.7401871011601697,0.18016575301363755,1,Baby
156,175,20,65,35,40,65,20,88.1,245,190,470,0,0.3,4,4,1.5,2,Togepi,-3.044209751262072,0.26989586749562666,1,Baby
157,176,40,85,55,80,105,40,88.1,405,75,223,0,0.6,4,7,3.2,2,Togetic,-0.34336805248279395,0.32321927935649514,0,Fully Evolved
158,177,50,45,40,70,45,70,50.0,320,190,293,0,0.2,14,7,2.0,2,Natu,-2.432014844759517,-0.05332545411653519,1,Baby
159,178,75,70,65,95,70,95,50.0,470,75,341,0,1.5,14,7,15.0,2,Xatu,0.3450358527291211,0.0788207815660653,0,Fully Evolved
160,179,40,40,55,65,45,35,50.0,280,235,572,0,0.6,3,3,7.8,2,Mareep,-3.0349818550319645,0.9661245209108578,1,Baby
161,180,55,55,70,80,60,45,50.0,365,120,572,0,0.8,3,3,13.3,2,Flaaffy,-1.3756840951460536,1.0901618594933784,1,Baby
162,181,95,105,90,165,110,45,50.0,610,45,288,0,1.4,3,3,61.5,2,Ampharos,2.479367254678946,1.249008959916423,0,Fully Evolved
163,182,80,95,75,90,100,50,50.0,490,45,187,0,0.4,9,9,5.8,2,Bellossom,0.5586193988319292,-0.14293400124148042,0,Fully Evolved
164,183,20,50,70,20,50,40,50.0,250,190,7,0,0.4,17,4,8.5,2,Marill,-3.1039088183511043,-0.5517953285638006,1,Baby
165,184,50,80,100,60,80,50,50.0,420,75,8,0,0.8,17,4,28.5,2,Azumarill,-0.23955264951029054,-0.45864999989907435,0,Fully Evolved
166,185,100,115,70,30,65,30,50.0,410,65,247,0,1.2,15,15,38.0,2,Sudowoodo,-0.261257735583879,-2.180685190594326,0,Fully Evolved
167,186,75,75,90,90,100,70,50.0,500,45,200,0,1.1,17,17,33.9,2,Politoed,0.9635873977385433,-1.7949779865167512,0,Fully Evolved
168,187,35,40,35,35,55,50,50.0,250,255,114,0,0.4,9,7,0.5,2,Hoppip,-3.500906561923314,0.15519829202177868,1,Baby
169,188,45,50,55,45,65,80,50.0,340,120,114,0,0.6,9,7,1.0,2,Skiploom,-1.7446646816054512,0.5141698416912062,1,Baby
170,189,55,70,75,55,95,110,50.0,460,45,114,0,0.8,9,7,3.0,2,Jumpluff,0.15984628084273803,0.7233694005556968,0,Fully Evolved
171,190,70,55,55,40,55,85,50.0,360,45,302,0,0.8,12,12,11.5,2,Aipom,-1.126523924284352,-0.4457239459064191,1,Baby
172,191,30,30,30,30,30,30,50.0,180,235,440,0,0.3,9,9,1.8,2,Sunkern,-4.382288941126657,-0.4231769200280433,1,Baby
173,192,75,55,75,105,85,30,50.0,425,120,492,0,0.8,9,9,8.5,2,Sunflora,-0.49953573298024107,-0.2927034072952916,0,Fully Evolved
174,193,65,45,65,75,45,95,50.0,390,75,97,0,1.2,0,7,38.0,2,Yanma,-0.7408088262509483,1.8441075130107925,0,Fully Evolved
175,194,45,45,55,25,25,15,50.0,210,255,551,0,0.4,17,10,8.5,2,Wooper,-3.981692429454654,-1.777431037617177,1,Baby
176,195,85,85,95,65,65,35,50.0,430,90,551,0,1.4,17,10,75.0,2,Quagsire,0.0068038427477395665,-1.7224468799593393,0,Fully Evolved
177,196,65,60,65,130,95,110,88.1,525,45,492,0,0.9,14,14,26.5,2,Espeon,1.3278637658207388,-0.6222669739490986,0,Fully Evolved
178,197,65,110,95,60,130,65,88.1,525,45,331,0,1.0,1,1,27.0,2,Umbreon,1.4527366530031964,1.273851200702762,0,Fully Evolved
179,198,85,42,60,85,42,91,50.0,405,30,124,0,0.5,1,7,2.1,2,Murkrow,-0.6222867918271652,1.9499290633911543,0,Fully Evolved
180,199,75,80,95,100,110,30,50.0,490,70,410,0,2.0,17,14,79.5,2,Slowking,1.1318298571962158,-2.1538200534312457,0,Fully Evolved
181,200,60,60,60,85,85,85,50.0,435,45,426,0,0.7,8,8,1.0,2,Misdreavus,-0.22081780470858048,0.493746629958767,0,Fully Evolved
182,201,72,48,48,72,48,48,101.0,336,225,500,0,0.5,14,14,5.0,2,Unown,-1.8733112751159637,-1.4156679538379358,1,Baby
183,202,33,58,190,33,58,33,50.0,405,45,359,0,1.3,14,14,28.5,2,Wobbuffet,-0.12998623527206415,-1.9191223436511073,0,Fully Evolved
184,203,80,65,70,90,65,85,50.0,455,60,300,0,1.5,12,14,41.5,2,Girafarig,0.31074949210488917,-0.6591494555339947,0,Fully Evolved
185,204,65,90,50,35,35,15,50.0,290,190,22,0,0.6,0,0,7.2,2,Pineco,-2.6286307323142526,1.4797664479624364,1,Baby
186,205,90,140,75,60,60,40,50.0,465,75,22,0,1.2,0,16,125.8,2,Forretress,0.554351800880442,-0.6301198660454242,0,Fully Evolved
187,206,70,70,100,65,65,45,50.0,415,190,276,0,1.5,12,12,14.0,2,Dunsparce,-0.7178056079373664,-1.084840045788578,1,Baby
188,207,75,105,65,35,65,85,50.0,430,60,190,0,1.1,10,7,64.8,2,Gligar,-0.08306734299471538,-0.017537995557183102,0,Fully Evolved
189,208,125,230,75,55,95,30,50.0,610,25,258,0,9.2,16,10,400.0,2,Steelix,5.435033272395741,-3.4305294105310082,2,Legendary
190,209,80,50,60,40,40,30,24.6,300,190,169,0,0.6,4,4,7.8,2,Snubbull,-2.6932571498465916,0.9811434732083401,1,Baby
191,210,120,75,90,60,60,45,24.6,450,75,169,0,1.4,4,4,48.7,2,Granbull,0.04952363663252372,1.0668967330131682,0,Fully Evolved
192,211,95,85,65,55,55,85,50.0,440,45,26,0,0.5,17,13,3.9,2,Qwilfish,-0.12642852628962944,-0.9676307916442465,0,Fully Evolved
193,212,150,140,70,65,100,75,50.0,600,25,364,0,1.8,0,16,118.0,2,Scizor,2.549497707799157,-0.3409879832410334,0,Fully Evolved
194,213,10,230,20,10,230,5,50.0,505,190,328,0,0.6,0,15,20.5,2,Shuckle,0.27629483279150796,-2.315012113109393,0,Fully Evolved
195,214,185,115,80,40,105,75,50.0,600,45,452,0,1.5,0,5,54.0,2,Heracross,2.2303339177956203,1.23267787673732,0,Fully Evolved
196,215,95,55,55,35,75,115,50.0,430,60,444,0,0.9,1,11,28.0,2,Sneasel,-0.3429733423041431,1.0726966614427202,0,Fully Evolved
197,216,80,50,60,50,50,40,50.0,330,120,292,0,0.6,12,12,8.8,2,Teddiursa,-1.7947841757293521,-0.8405167454164361,1,Baby
198,217,130,75,90,75,75,55,50.0,500,60,232,0,1.8,12,12,125.8,2,Ursaring,1.2736881444668515,-0.8447327557420901,0,Fully Evolved
199,218,40,40,40,70,40,20,50.0,250,190,281,0,0.7,6,6,35.0,2,Slugma,-3.0509395327125612,0.3345094193156841,1,Baby
200,219,50,120,60,90,80,30,50.0,430,75,281,0,0.8,6,15,55.0,2,Magcargo,-0.152316982329783,-1.1801551980455314,0,Fully Evolved
201,220,50,40,50,30,30,50,50.0,250,225,363,0,0.4,11,10,6.5,2,Swinub,-3.406089870178605,-0.5370115330130121,1,Baby
202,221,100,80,100,60,60,50,50.0,450,75,496,0,1.1,11,10,55.8,2,Piloswine,0.15610798600992745,-0.7538826568012176,0,Fully Evolved
203,222,55,95,65,65,95,35,24.6,410,60,110,0,0.6,17,15,5.0,2,Corsola,-0.6062509522512366,-2.009449705421659,0,Fully Evolved
204,223,65,35,35,65,35,65,50.0,300,190,261,0,0.6,17,17,12.0,2,Remoraid,-2.529943060487658,-1.5891061607305859,1,Baby
205,224,105,75,75,105,75,45,50.0,480,75,261,0,0.9,17,17,28.5,2,Octillery,0.5096568095151898,-1.8735070964197273,0,Fully Evolved
206,225,55,45,45,65,45,75,50.0,330,45,129,0,0.9,11,7,16.0,2,Delibird,-1.4472800271796986,0.4459004555089885,1,Baby
207,226,40,70,85,80,140,70,50.0,485,25,271,0,2.1,17,7,220.0,2,Mantine,1.5914114559480699,-1.0997964652286354,0,Fully Evolved
208,227,80,140,65,40,70,70,50.0,465,25,10,0,1.7,16,7,50.5,2,Skarmory,0.721193476318039,-0.9215487421588048,0,Fully Evolved
209,228,60,30,45,80,50,65,50.0,330,120,123,0,0.6,1,6,10.8,2,Houndour,-1.8720089665872466,1.7017358078175961,1,Baby
210,229,90,90,75,140,90,115,50.0,600,45,123,0,1.4,1,6,35.0,2,Houndoom,2.1296213410932117,2.022008910744942,0,Fully Evolved
211,230,95,95,75,95,95,85,50.0,540,45,144,0,1.8,17,2,152.0,2,Kingdra,1.877665728343862,0.04442358056308082,0,Fully Evolved
212,231,60,60,90,40,40,40,50.0,330,120,301,0,0.5,10,10,33.5,2,Phanpy,-1.7628708103093618,-0.6021064008396879,1,Baby
213,232,120,120,90,60,60,50,50.0,500,60,11,0,1.1,10,10,120.0,2,Donphan,1.0736269854307792,-0.6009310916265272,0,Fully Evolved
214,233,80,90,85,105,95,60,101.0,515,45,547,0,0.6,12,12,32.5,2,Porygon2,1.323594685641807,-1.032733563293699,0,Fully Evolved
215,234,95,62,73,85,65,85,50.0,465,45,40,0,1.4,12,12,71.2,2,Stantler,0.6007417463452158,-0.21524238220488237,0,Fully Evolved
216,235,20,35,55,20,45,75,50.0,250,45,355,0,1.2,12,12,58.0,2,Smeargle,-2.3132766040129096,-0.7734376696881801,1,Baby
217,236,35,35,35,35,35,35,100.0,210,75,427,0,0.7,5,5,21.0,2,Tyrogue,-2.7913066059653984,0.5125225428244563,1,Baby
218,237,95,95,50,35,110,70,100.0,455,45,222,0,1.4,5,5,48.0,2,Hitmontop,0.7724303777824002,0.568980533518062,0,Fully Evolved
219,238,30,15,45,85,65,65,0.0,305,45,270,0,0.4,11,14,6.0,2,Smoochum,-2.264703878934601,-0.30693009912795216,1,Baby
220,239,63,37,45,65,55,95,75.4,360,45,156,0,0.6,3,3,23.5,2,Elekid,-0.9992859440896592,2.0320282491878006,1,Baby
221,240,75,37,45,70,55,83,75.4,365,45,294,0,0.7,6,6,21.4,2,Magby,-0.8966132161693949,1.166166809110357,1,Baby
222,241,80,105,95,40,70,100,0.0,490,45,324,0,1.2,12,12,75.5,2,Miltank,0.41365729838734494,-0.713789948419402,0,Fully Evolved
223,242,10,10,255,75,135,55,0.0,540,30,223,0,1.5,12,12,46.8,2,Blissey,1.5321697023581893,-0.8472209193850924,0,Fully Evolved
224,243,85,75,90,115,100,115,101.0,580,3,510,1,1.9,3,3,178.0,2,Raikou,3.805845146590958,1.6710614800687325,2,Legendary
225,244,115,85,115,90,75,100,101.0,580,3,548,1,2.1,6,6,198.0,2,Entei,3.9376387478916812,0.6743982001549078,2,Legendary
226,245,75,115,100,90,115,85,101.0,580,3,18,1,2.0,17,17,187.0,2,Suicune,4.094188531121313,-2.0688429254298257,2,Legendary
227,246,64,50,50,45,50,41,50.0,300,45,405,0,0.6,15,10,72.0,2,Larvitar,-1.7249122831598211,-1.0747213744891466,1,Baby
228,247,84,70,70,65,70,51,50.0,410,45,225,0,1.2,15,10,152.0,2,Pupitar,0.08530373168534279,-1.0559243958284383,0,Fully Evolved
229,248,164,150,100,95,120,71,50.0,700,45,11,0,2.0,15,1,202.0,2,Tyranitar,4.178045910117312,0.00013730270334371254,0,Fully Evolved
230,249,90,130,106,90,154,110,101.0,680,3,140,1,5.2,14,7,216.0,2,Lugia,6.233617925460717,-0.7278555609203381,2,Legendary
231,250,130,90,106,110,154,90,101.0,680,3,394,1,3.8,6,7,199.0,2,Ho-Oh,5.807415877975682,0.37337898882414416,2,Legendary
232,251,100,100,100,100,100,100,101.0,600,45,513,1,0.6,14,9,5.0,2,Celebi,3.205205441898381,-0.3219565141932248,2,Legendary
233,252,45,35,40,65,55,70,88.1,310,45,570,0,0.5,9,9,5.0,3,Treecko,-1.58753266895435,0.1570683159892235,1,Baby
234,253,65,45,50,85,65,95,88.1,405,45,570,0,0.9,9,9,21.6,3,Grovyle,-0.258315689742757,0.4212537162270956,0,Fully Evolved
235,254,110,75,70,145,85,145,88.1,630,45,192,0,1.7,9,9,52.2,3,Sceptile,2.9090779128439426,1.2394178981525343,0,Fully Evolved
236,255,60,40,45,70,50,45,88.1,310,45,90,0,0.4,6,6,2.5,3,Torchic,-1.4967857773517181,0.9586790853048796,1,Baby
237,256,85,60,60,85,60,55,88.1,405,45,576,0,0.9,6,5,19.5,3,Combusken,-0.20023358273191713,0.7738453847447185,0,Fully Evolved
238,257,160,80,80,130,80,100,88.1,630,45,51,0,1.9,6,5,52.0,3,Blaziken,3.0681019904657414,1.7175613981516624,0,Fully Evolved
239,258,70,50,50,50,50,40,88.1,310,45,335,0,0.4,17,17,7.6,3,Mudkip,-1.458500210130611,-1.9638197784970666,1,Baby
240,259,85,70,70,60,70,50,88.1,405,45,335,0,0.7,17,10,28.0,3,Marshtomp,-0.10554199186097049,-1.1396138642776301,0,Fully Evolved
241,260,150,110,100,95,110,70,88.1,635,45,335,0,1.5,17,10,81.9,3,Swampert,3.205087303415771,-1.0928083988391755,0,Fully Evolved
242,261,55,35,35,30,30,35,50.0,220,255,45,0,0.5,1,1,13.6,3,Poochyena,-3.831577708484733,1.8533315890948812,1,Baby
243,262,90,70,70,60,60,70,50.0,420,127,45,0,1.0,1,1,37.0,3,Mightyena,-0.5426297302281328,2.1431874627607166,0,Fully Evolved
244,263,30,41,38,30,41,60,50.0,240,255,519,0,0.4,12,12,17.5,3,Zigzagoon,-3.659520475742679,-0.9058822292396697,1,Baby
245,264,70,61,78,50,61,100,50.0,420,90,413,0,0.5,12,12,32.5,3,Linoone,-0.5830309178101074,-0.33561074630169146,0,Fully Evolved
246,265,45,35,45,20,30,20,50.0,195,255,574,0,0.3,0,0,3.6,3,Wurmple,-4.291988611703427,1.5141141147688406,1,Baby
247,266,35,55,50,25,25,15,50.0,205,120,100,0,0.6,0,0,10.0,3,Silcoon,-3.3980626478056135,1.6911860978076725,1,Baby
248,267,70,50,60,100,50,65,50.0,395,45,74,0,1.0,0,7,28.4,3,Beautifly,-0.5330108943710553,1.7726349506030006,0,Fully Evolved
249,268,35,55,50,25,25,15,50.0,205,120,100,0,0.7,0,0,11.5,3,Cascoon,-3.368174961124735,1.6813775143062162,1,Baby
250,269,50,70,60,50,90,65,50.0,385,45,375,0,1.2,0,13,31.6,3,Dustox,-0.6145715232448614,0.30329878903734675,0,Fully Evolved
251,270,30,30,40,40,50,30,50.0,220,255,553,0,0.5,17,9,2.6,3,Lotad,-3.829786432610288,-1.3004745041747607,1,Baby
252,271,50,50,60,60,70,50,50.0,340,120,263,0,1.2,17,9,32.5,3,Lombre,-1.4029781725135557,-0.9474544012356244,1,Baby
253,272,70,70,80,90,100,70,50.0,480,45,78,0,1.5,17,9,55.0,3,Ludicolo,0.8909913078776581,-0.6394536166702075,0,Fully Evolved
254,273,40,50,40,30,30,30,50.0,220,255,1,0,0.5,9,9,4.0,3,Seedot,-3.7945469382255244,-0.18271083994365273,1,Baby
255,274,70,40,70,60,40,60,50.0,340,120,565,0,1.0,9,1,28.0,3,Nuzleaf,-1.6097302623317489,1.0244347757075163,1,Baby
256,275,100,60,90,90,60,80,50.0,480,45,559,0,1.3,9,1,59.6,3,Shiftry,0.6609817106177379,1.2512640895609333,0,Fully Evolved
257,276,55,30,40,30,30,85,50.0,270,200,522,0,0.3,12,7,2.3,3,Taillow,-3.16397841862941,0.22807602298793744,1,Baby
258,277,85,60,60,75,50,125,50.0,455,45,495,0,0.7,12,7,19.8,3,Swellow,-0.021070974921408886,0.745992715536271,0,Fully Evolved
259,278,30,30,40,55,30,85,50.0,270,190,438,0,0.6,17,7,9.5,3,Wingull,-2.9863096083355543,-0.25254170590636843,1,Baby
260,279,50,100,60,95,70,65,50.0,440,45,549,0,1.2,17,7,28.0,3,Pelipper,0.08135603902011394,-0.8614394876088844,0,Fully Evolved
261,280,25,25,28,45,35,40,50.0,198,235,172,0,0.4,14,4,6.6,3,Ralts,-4.039203101762316,0.11229798392659708,1,Baby
262,281,35,35,38,65,55,50,50.0,278,120,161,0,0.8,14,4,20.2,3,Kirlia,-2.3661117159865075,0.2541932371696996,1,Baby
263,282,85,65,68,165,135,100,50.0,618,45,160,0,1.6,14,4,48.4,3,Gardevoir,2.610608795982509,0.938247697981869,0,Fully Evolved
264,283,30,32,40,50,52,65,50.0,269,200,378,0,0.5,0,17,1.7,3,Surskit,-3.0733518118184286,0.08594274965484518,1,Baby
265,284,60,62,70,100,82,80,50.0,454,75,167,0,0.8,0,7,3.6,3,Masquerain,-0.025093833909419303,1.7128117988663796,0,Fully Evolved
266,285,40,60,60,40,60,35,50.0,295,255,338,0,0.4,9,9,4.5,3,Shroomish,-2.8788627457239233,-0.45500405167531016,1,Baby
267,286,130,80,60,60,60,70,50.0,460,90,338,0,1.2,9,5,39.2,3,Breloom,0.16056885191337922,0.6604466055189986,0,Fully Evolved
268,287,60,60,60,35,35,30,50.0,280,255,456,0,0.8,12,12,24.0,3,Slakoth,-2.9437820270354007,-1.2561641675274904,1,Baby
269,288,80,80,80,55,55,90,50.0,440,120,562,0,1.4,12,12,46.5,3,Vigoroth,-0.2071816416521209,-0.720126320878761,0,Fully Evolved
270,289,160,100,150,95,65,100,50.0,670,45,282,0,2.0,12,12,130.5,3,Slaking,3.5360633111440127,-0.3563567399353372,0,Fully Evolved
271,290,45,90,31,30,30,40,50.0,266,255,526,0,0.5,0,10,5.5,3,Nincada,-3.3890292196365905,0.16945450976005852,1,Baby
272,291,90,45,61,50,50,160,50.0,456,120,345,0,0.8,0,7,12.0,3,Ninjask,-0.41811802957783656,2.4776479740900847,0,Fully Evolved
273,292,90,45,1,30,30,40,101.0,236,45,445,0,0.8,0,8,1.2,3,Shedinja,-2.397043509401939,0.9915815191949979,1,Baby
274,293,51,23,64,51,23,28,50.0,240,190,557,0,0.6,12,12,16.3,3,Whismur,-3.2525738207339803,-0.9609447080732354,1,Baby
275,294,71,43,84,71,43,48,50.0,360,120,42,0,1.0,12,12,40.5,3,Loudred,-1.1576370883849871,-0.4708468747633647,1,Baby
276,295,91,63,104,91,73,68,50.0,490,45,305,0,1.5,12,12,84.0,3,Exploud,1.0274690928521943,-0.549860270811195,0,Fully Evolved
277,296,60,30,72,20,30,25,75.4,237,180,220,0,1.0,5,5,86.4,3,Makuhita,-2.7359697226406103,0.515760581165905,1,Baby
278,297,120,60,144,40,60,50,75.4,474,200,9,0,2.3,5,5,253.8,3,Hariyama,1.0465646484379152,0.4994890693017511,0,Fully Evolved
279,298,20,40,50,20,40,20,24.6,190,150,377,0,0.2,12,4,2.0,3,Azurill,-4.018217141457478,-0.15968435031281056,1,Baby
280,299,45,135,30,45,90,30,50.0,375,255,106,0,1.0,15,15,97.0,3,Nosepass,-1.4154440875675138,-2.42749525111669,1,Baby
281,300,45,45,50,35,35,50,24.6,260,255,272,0,0.6,12,12,11.0,3,Skitty,-3.49057269397668,-0.7667967904156306,1,Baby
282,301,65,65,70,55,55,90,24.6,400,60,383,0,1.1,12,12,32.6,3,Delcatty,-0.7376148423299733,-0.3989834733720705,0,Fully Evolved
283,302,85,125,50,85,115,20,50.0,480,45,124,0,0.5,1,8,11.0,3,Sableye,0.5072119661700131,0.44050014085689804,0,Fully Evolved
284,303,105,125,50,55,95,50,50.0,480,45,126,0,0.6,16,4,11.5,3,Mawile,0.5083208733203054,-0.39239961513648985,0,Fully Evolved
285,304,70,100,50,40,40,30,50.0,330,180,253,0,0.4,16,15,60.0,3,Aron,-1.9607239584066762,-2.116138846515248,1,Baby
286,305,90,140,60,50,50,40,50.0,430,90,253,0,0.9,16,15,120.0,3,Lairon,-0.03069729977214687,-2.270363173401786,0,Fully Evolved
287,306,140,230,70,60,80,50,50.0,630,45,253,0,2.1,16,15,360.0,3,Aggron,3.6065441667493356,-3.046914989300632,0,Fully Evolved
288,307,40,55,30,40,55,60,50.0,280,180,318,0,0.6,5,14,11.2,3,Meditite,-2.77370168039703,-0.260972523143331,1,Baby
289,308,100,85,60,80,85,100,50.0,510,90,318,0,1.3,5,14,31.5,3,Medicham,0.7690100773249848,0.20973241224216438,0,Fully Evolved
290,309,45,40,40,65,40,65,50.0,295,120,289,0,0.6,3,3,15.2,3,Electrike,-2.337776647605345,1.6877845031991403,1,Baby
291,310,75,80,70,135,80,135,50.0,575,45,137,0,1.5,3,3,40.2,3,Manectric,1.8168000901316494,2.496608199383997,0,Fully Evolved
292,311,50,40,60,85,75,95,50.0,405,200,88,0,0.4,3,3,4.2,3,Plusle,-1.3144476153018714,2.130902424042424,1,Baby
293,312,40,50,60,75,85,95,50.0,405,200,88,0,0.4,3,3,4.2,3,Minun,-1.3081498429910148,1.9675253651164313,1,Baby
294,313,73,75,65,47,85,85,100.0,430,150,177,0,0.7,0,0,17.7,3,Volbeat,-0.29553415135796235,2.199026991391014,0,Fully Evolved
295,314,47,75,65,73,85,85,0.0,430,150,177,0,0.6,0,0,17.7,3,Illumise,-1.0898450320549307,2.4341777844031873,0,Fully Evolved
296,315,60,45,50,100,80,65,50.0,400,150,508,0,0.3,9,13,2.0,3,Roselia,-1.1755442310079771,-0.2630830559507713,1,Baby
297,316,43,53,70,43,53,40,50.0,302,225,486,0,0.4,13,13,10.3,3,Gulpin,-2.6558261786518202,-1.3501892042291215,1,Baby
298,317,73,83,100,73,83,55,50.0,467,75,372,0,1.7,13,13,80.0,3,Swalot,0.6627626442331482,-1.285172198206035,0,Fully Evolved
299,318,90,20,45,65,20,65,50.0,305,225,417,0,0.8,17,1,20.8,3,Carvanha,-2.5682518200569313,0.5615337872079827,1,Baby
300,319,140,70,70,110,65,105,50.0,560,60,66,0,1.8,17,1,88.8,3,Sharpedo,1.8821531432850238,1.057557275586997,0,Fully Evolved
301,320,70,35,130,70,35,60,50.0,400,125,25,0,2.0,17,17,130.0,3,Wailmer,-0.14124128622946383,-1.6994378644876085,0,Fully Evolved
302,321,90,45,170,90,45,60,50.0,500,60,185,0,14.5,17,17,398.0,3,Wailord,5.37241295325964,-3.0887992407163734,2,Legendary
303,322,60,40,60,65,45,35,50.0,305,255,346,0,0.7,6,10,24.0,3,Numel,-2.644751124208757,0.026487167146158154,1,Baby
304,323,120,100,70,145,105,20,50.0,560,150,165,0,1.9,6,10,220.0,3,Camerupt,1.9940591662975684,-0.30914016605884687,0,Fully Evolved
305,324,85,140,70,85,70,20,50.0,470,90,98,0,0.5,6,6,80.4,3,Torkoal,0.334107559092041,-0.0011983035110354986,0,Fully Evolved
306,325,25,35,60,70,80,60,50.0,330,255,59,0,0.7,14,14,30.6,3,Spoink,-2.2230396811767807,-1.0101988069919277,1,Baby
307,326,45,65,80,90,110,80,50.0,470,60,313,0,0.9,14,14,71.5,3,Grumpig,0.5209701368757371,-1.043993222467575,0,Fully Evolved
308,327,60,60,60,60,60,60,50.0,360,255,477,0,1.1,12,12,5.0,3,Spinda,-1.9208779873850284,-0.8837407384971421,1,Baby
309,328,100,45,45,45,45,10,50.0,290,255,4,0,0.7,10,10,15.0,3,Trapinch,-2.7407115606996175,-0.40743898611406343,1,Baby
310,329,70,50,50,50,50,70,50.0,340,120,544,0,1.1,10,2,15.3,3,Vibrava,-1.6393283110702195,0.8164555143968644,1,Baby
311,330,100,80,80,80,80,100,50.0,520,45,341,0,2.0,10,2,82.0,3,Flygon,1.4194594114558359,1.0859410912993877,0,Fully Evolved
312,331,85,40,50,85,40,35,50.0,335,190,75,0,0.4,9,9,51.3,3,Cacnea,-1.9428196736969008,0.22747997133293357,1,Baby
313,332,115,60,70,115,60,55,50.0,475,60,420,0,1.3,9,1,77.4,3,Cacturne,0.6358944867067168,1.2231984342093905,0,Fully Evolved
314,333,40,60,45,40,75,50,50.0,310,255,111,0,0.4,12,7,1.2,3,Swablu,-2.6693596817313945,-0.21989688478530856,1,Baby
315,334,110,110,75,110,105,80,50.0,590,45,239,0,1.1,2,7,20.6,3,Altaria,1.97549956674507,1.2442503518732364,0,Fully Evolved
316,335,115,60,73,60,60,90,50.0,458,90,80,0,1.3,12,12,40.3,3,Zangoose,0.21324473462729374,-0.09125503206854069,0,Fully Evolved
317,336,100,60,73,100,60,65,50.0,458,90,171,0,2.7,13,13,52.5,3,Seviper,0.6534248726286991,-0.6522788415051666,0,Fully Evolved
318,337,55,65,90,95,85,70,101.0,460,45,323,0,1.0,15,14,168.0,3,Lunatone,1.1128883938115777,-1.4098853463523526,0,Fully Evolved
319,338,95,85,90,55,65,70,101.0,460,45,323,0,1.2,15,14,154.0,3,Solrock,1.0964284458127564,-1.5524203021682308,0,Fully Evolved
320,339,48,43,50,46,41,60,50.0,288,190,556,0,0.4,17,10,1.9,3,Barboach,-2.7745619303532143,-1.0553085207378865,1,Baby
321,340,78,73,110,76,71,60,50.0,468,75,556,0,0.9,17,10,23.6,3,Whiscash,0.2995421421389533,-1.1609888458631328,0,Fully Evolved
322,341,80,65,43,50,35,35,50.0,308,205,412,0,0.6,17,17,11.5,3,Corphish,-2.443688960080908,-2.1571565839070663,1,Baby
323,342,120,85,63,90,55,55,50.0,468,155,407,0,1.1,17,1,32.8,3,Crawdaunt,-0.013956960859911775,0.13506920008588905,0,Fully Evolved
324,343,40,55,40,40,70,55,101.0,300,255,96,0,0.5,10,14,21.5,3,Baltoy,-2.348256050717162,-0.9053587799427548,1,Baby
325,344,70,105,60,70,120,75,101.0,500,90,96,0,1.5,10,14,108.0,3,Claydol,1.4183829688109226,-1.0158669630615709,0,Fully Evolved
326,345,41,77,66,61,87,23,88.1,355,45,432,0,1.0,15,9,23.8,3,Lileep,-0.6372958405768965,-1.3812599842194027,1,Baby
327,346,81,97,86,81,107,43,88.1,495,45,27,0,1.5,15,9,60.4,3,Cradily,1.447868616977615,-0.9732579604888171,0,Fully Evolved
328,347,95,50,45,40,50,75,88.1,355,45,350,0,0.7,15,0,12.5,3,Anorith,-0.9001998063153172,0.7642554007850982,1,Baby
329,348,125,100,75,70,80,45,88.1,495,45,368,0,1.5,15,0,68.2,3,Armaldo,1.3445178762214531,0.07692605907068018,0,Fully Evolved
330,349,15,20,20,10,55,80,50.0,200,255,179,0,0.6,17,17,7.4,3,Feebas,-4.08712613440592,-1.6266490070063306,1,Baby
331,350,60,79,95,100,125,81,50.0,540,60,505,0,6.2,17,17,162.0,3,Milotic,3.035633393609063,-2.4498020155096114,0,Fully Evolved
332,351,70,70,70,70,70,70,50.0,420,45,554,0,0.3,12,12,0.8,3,Castform,-0.48058910546571243,-0.643204442036076,0,Fully Evolved
333,352,90,70,60,60,120,40,50.0,440,200,103,0,1.0,12,12,22.0,3,Kecleon,-0.4595977991786261,-0.9149623659303648,0,Fully Evolved
334,353,75,35,44,63,33,45,50.0,295,225,391,0,0.6,8,8,2.3,3,Shuppet,-2.7725687909727834,0.31430640144676036,1,Baby
335,354,165,75,64,93,83,75,50.0,555,45,316,0,1.1,8,8,12.5,3,Banette,1.512932489553896,0.7762191799129899,0,Fully Evolved
336,355,40,90,20,30,90,25,50.0,295,190,398,0,0.8,8,8,15.0,3,Duskull,-2.4817090106193183,-0.6262904167227725,1,Baby
337,356,70,130,40,60,130,25,50.0,455,90,34,0,1.6,8,8,30.6,3,Dusclops,0.36991576423234585,-0.5505644039154872,0,Fully Evolved
338,357,68,83,99,72,87,51,50.0,460,200,202,0,2.0,9,7,100.0,3,Tropius,0.17860219540733044,-0.19227034368450552,0,Fully Evolved
339,358,50,80,75,95,90,65,50.0,455,45,566,0,0.6,14,14,1.0,3,Chimecho,0.0919302327435314,-1.263446449194253,0,Fully Evolved
340,359,150,60,65,115,60,115,50.0,565,30,136,0,1.2,1,1,47.0,3,Absol,1.7056813996640772,3.107722872596347,0,Fully Evolved
341,360,23,48,95,23,48,23,50.0,260,125,63,0,0.6,14,14,14.0,3,Wynaut,-2.559911060399696,-1.575615713499542,1,Baby
342,361,50,50,50,50,50,50,50.0,300,190,461,0,0.7,11,11,16.8,3,Snorunt,-2.484974018982207,-0.6629448899185463,1,Baby
343,362,120,80,80,120,80,100,50.0,580,75,168,0,1.5,11,11,256.5,3,Glalie,2.3993483137691496,-0.02320937929535735,0,Fully Evolved
344,363,40,50,70,55,50,25,50.0,290,255,95,0,0.8,11,17,39.5,3,Spheal,-2.665349815377066,-1.5595220489591093,1,Baby
345,364,60,70,90,75,70,45,50.0,410,120,24,0,1.1,11,17,87.6,3,Sealeo,-0.340354137373303,-1.3470181273660604,0,Fully Evolved
346,365,80,90,110,95,90,65,50.0,530,45,241,0,1.4,11,17,150.6,3,Walrein,1.707408219198862,-1.388034641062776,0,Fully Evolved
347,366,64,85,35,74,55,32,50.0,345,255,46,0,0.4,17,17,52.5,3,Clamperl,-2.0575115413470852,-2.1329079015514107,1,Baby
348,367,104,105,55,94,75,52,50.0,485,60,128,0,1.7,17,17,27.0,3,Huntail,0.8404098917740378,-1.8927868350026784,0,Fully Evolved
349,368,84,105,55,114,75,52,50.0,485,60,467,0,1.8,17,17,22.6,3,Gorebyss,0.7928778491700678,-2.097129292618953,0,Fully Evolved
350,369,90,130,100,45,65,55,88.1,485,25,303,0,1.0,17,15,23.4,3,Relicanth,1.0678535290031463,-2.1877281745676695,0,Fully Evolved
351,370,30,55,43,40,65,97,24.6,330,225,396,0,0.6,17,17,8.7,3,Luvdisc,-2.5394525403096084,-1.6319308044598975,1,Baby
352,371,75,60,45,40,30,50,50.0,300,45,402,0,0.6,2,2,42.1,3,Bagon,-1.8962597752759436,1.559774186289459,1,Baby
353,372,95,100,65,60,50,50,50.0,420,45,163,0,1.1,2,2,110.5,3,Shelgon,0.009838057564385841,1.3966035132761543,0,Fully Evolved
354,373,145,130,95,120,90,120,50.0,700,45,144,0,1.5,2,7,102.6,3,Salamence,3.615285872145803,1.611666725466565,0,Fully Evolved
355,374,55,80,40,35,60,30,101.0,300,3,254,0,0.6,16,14,95.2,3,Beldum,-1.0273529547120923,-1.9929892424592361,1,Baby
356,375,75,100,60,55,80,50,101.0,420,3,255,0,1.2,16,14,202.5,3,Metang,0.9221261558241245,-2.025634365702813,0,Fully Evolved
357,376,145,150,80,105,110,110,101.0,700,3,256,0,1.6,16,14,550.0,3,Metagross,5.367315349603086,-1.8840027620453415,2,Legendary
358,377,100,200,80,50,100,50,101.0,580,3,404,1,1.7,15,15,230.0,3,Regirock,4.049174015554762,-2.7993138768092383,2,Legendary
359,378,50,100,80,100,200,50,101.0,580,3,243,1,1.8,11,11,175.0,3,Regice,4.125157030335438,-1.131626466009495,2,Legendary
360,379,75,150,80,75,150,50,101.0,580,3,257,1,1.9,16,16,205.0,3,Registeel,4.161791064578218,-2.6364734551512257,2,Legendary
361,380,100,120,80,140,150,110,0.0,700,3,164,1,1.4,2,14,40.0,3,Latias,4.238206093180468,0.8675881586242522,2,Legendary
362,381,130,100,80,160,120,110,100.0,700,3,164,1,2.0,2,14,60.0,3,Latios,5.187746076152231,0.9739927416826645,2,Legendary
363,382,150,90,100,180,160,90,101.0,770,3,428,1,4.5,17,17,352.0,3,Kyogre,7.596672364678502,-1.8950498561683675,2,Legendary
364,383,180,160,100,150,90,90,101.0,770,3,109,1,3.5,10,10,950.0,3,Groudon,8.67871537301791,-1.1880220375909412,2,Legendary
365,384,180,100,105,180,100,115,101.0,780,45,454,1,7.0,2,7,206.5,3,Rayquaza,7.638080042749925,1.3449008168460839,2,Legendary
366,385,100,100,100,100,100,100,101.0,600,3,569,1,0.3,16,14,1.1,3,Jirachi,3.3242905316822284,-1.0470868013702832,2,Legendary
367,386,95,90,50,95,90,180,101.0,600,3,121,1,1.7,14,14,60.8,3,Deoxys,3.6826760367172096,0.24910724062993048,2,Legendary
368,387,68,64,55,45,55,31,88.1,318,45,516,0,0.4,9,9,10.2,4,Turtwig,-1.3838048176769309,-0.35923233962441103,1,Baby
369,388,89,85,75,55,65,36,88.1,405,45,219,0,1.1,9,9,97.0,4,Grotle,0.19335689894795413,-0.3614580164826292,0,Fully Evolved
370,389,109,105,95,75,85,56,88.1,525,45,109,0,2.2,9,10,310.0,4,Torterra,2.5516763525021604,-0.6313467936767116,0,Fully Evolved
371,390,58,44,44,58,44,61,88.1,309,45,92,0,0.5,6,6,6.2,4,Chimchar,-1.4984390535350545,1.141254906705137,1,Baby
372,391,78,52,64,78,52,81,88.1,405,45,369,0,0.9,6,5,22.0,4,Monferno,-0.19181402703667194,1.2984424492643196,0,Fully Evolved
373,392,104,71,76,104,71,108,88.1,534,45,183,0,1.2,6,5,55.0,4,Infernape,1.626252832933211,1.6565284000028038,0,Fully Evolved
374,393,51,53,53,61,56,40,88.1,314,45,360,0,0.4,17,17,5.2,4,Piplup,-1.387609464237892,-1.9271131066948695,1,Baby
375,394,66,68,64,81,76,50,88.1,405,45,360,0,0.8,17,17,23.0,4,Prinplup,-0.06428545602883468,-1.8962291872244244,0,Fully Evolved
376,395,86,88,84,111,101,60,88.1,530,45,162,0,1.7,17,16,84.5,4,Empoleon,1.9811817519356303,-1.7032605229511717,0,Fully Evolved
377,396,55,30,40,30,30,60,50.0,245,255,483,0,0.3,12,7,2.0,4,Starly,-3.6412461924346724,0.047646735508424215,1,Baby
378,397,75,50,55,40,40,80,50.0,340,120,483,0,0.6,12,7,15.5,4,Staravia,-1.7516204094400685,0.24286492255154987,1,Baby
379,398,120,70,85,50,60,100,50.0,485,45,382,0,1.2,12,7,24.9,4,Staraptor,0.6357527067587667,0.4886463887693285,0,Fully Evolved
380,399,45,40,59,35,40,31,50.0,250,255,371,0,0.5,12,12,20.0,4,Bidoof,-3.3668777091440982,-0.9794846339680098,1,Baby
381,400,85,60,79,55,60,71,50.0,410,127,33,0,1.0,12,17,31.5,4,Bibarel,-0.5817292550654304,-0.9075837287038687,0,Fully Evolved
382,401,25,41,37,25,41,25,50.0,194,255,116,0,0.3,0,0,2.2,4,Kricketot,-4.210152078415945,1.8798541705700735,1,Baby
383,402,85,51,77,55,51,65,50.0,384,45,116,0,1.0,0,0,25.5,4,Kricketune,-0.6587073988443642,2.5473120087098917,0,Fully Evolved
384,403,65,34,45,40,34,45,50.0,263,235,184,0,0.5,3,3,9.5,4,Shinx,-3.201651858244269,1.5807834756588484,1,Baby
385,404,85,49,60,60,49,60,50.0,363,120,468,0,0.9,3,3,30.5,4,Luxio,-1.323113465896324,1.569728233038024,1,Baby
386,405,120,79,80,95,79,70,50.0,523,45,209,0,1.4,3,3,42.0,4,Luxray,1.2840371522046599,1.820288936456506,0,Fully Evolved
387,406,30,35,40,50,70,55,50.0,280,255,70,0,0.2,9,13,1.2,4,Budew,-3.093253139522902,-0.2544361660846993,1,Baby
388,407,70,65,60,125,105,90,50.0,515,75,61,0,0.9,9,13,14.5,4,Roserade,0.8952371545483455,0.3314372020047491,0,Fully Evolved
389,408,125,40,67,30,30,58,88.1,350,45,226,0,0.9,15,15,31.5,4,Cranidos,-0.7651199051771107,-1.031090695042553,1,Baby
390,409,165,60,97,65,50,58,88.1,495,45,226,0,1.6,15,15,102.5,4,Rampardos,1.4977427344882321,-1.1186410695583764,0,Fully Evolved
391,410,42,118,30,42,88,30,88.1,350,45,449,0,0.5,15,16,57.0,4,Shieldon,-0.7981192235722839,-2.4231364158345734,1,Baby
392,411,52,168,60,47,138,30,88.1,495,45,449,0,1.3,15,16,149.5,4,Bastiodon,1.5619183615636476,-3.038465453559664,0,Fully Evolved
393,412,29,45,40,29,45,36,50.0,224,120,22,0,0.2,0,0,3.4,4,Burmy,-3.2643410083209754,2.1492832573974208,1,Baby
394,413,69,95,60,69,95,36,0.0,424,45,22,0,0.5,0,9,6.5,4,Wormadam,-0.6034053845857285,0.9773446204102203,0,Fully Evolved
395,414,94,50,70,94,50,66,100.0,424,45,332,0,0.9,0,7,23.3,4,Mothim,0.16643726047586738,1.663699399572746,0,Fully Evolved
396,415,30,42,30,30,42,70,88.1,244,120,514,0,0.3,0,7,5.5,4,Combee,-2.852399559981704,1.2681366698160819,1,Baby
397,416,80,102,70,80,102,40,0.0,474,45,36,0,1.2,0,7,38.5,4,Vespiquen,0.3017395687290761,1.1719255351621556,0,Fully Evolved
398,417,45,70,60,45,90,95,50.0,405,200,155,0,0.4,3,3,3.9,4,Pachirisu,-1.3051434187109412,1.7597893000966456,1,Baby
399,418,65,35,55,60,30,85,50.0,330,190,436,0,0.7,17,17,29.5,4,Buizel,-2.095133616190473,-1.3640495291506525,1,Baby
400,419,105,55,85,85,50,115,50.0,495,75,436,0,1.1,17,17,33.5,4,Floatzel,0.616547548231195,-0.9788851954256665,0,Fully Evolved
401,420,35,45,45,62,53,35,50.0,275,190,89,0,0.4,9,9,3.3,4,Cherubi,-2.8042476796667635,0.07136273548968189,1,Baby
402,421,60,70,70,87,78,85,50.0,450,75,55,0,0.5,9,9,9.3,4,Cherrim,-0.07659589542515435,0.6287886336832186,0,Fully Evolved
403,422,48,48,76,57,62,34,50.0,325,190,435,0,0.3,17,17,6.3,4,Shellos,-2.158617501618698,-2.0920668644246474,1,Baby
404,423,83,68,111,92,82,39,50.0,475,75,435,0,0.9,17,10,29.9,4,Gastrodon,0.5114549642789139,-1.117830062177623,0,Fully Evolved
405,424,100,66,75,60,66,115,50.0,482,45,302,0,1.2,12,12,20.3,4,Ambipom,0.5736340111606372,0.0904461228733119,0,Fully Evolved
406,425,50,34,90,60,44,70,50.0,348,125,26,0,0.4,8,7,1.2,4,Drifloon,-1.6211544956474846,0.9690173453440111,1,Baby
407,426,80,44,150,90,54,80,50.0,498,60,53,0,1.2,8,7,15.0,4,Drifblim,0.8708537919189607,1.0824733110769378,0,Fully Evolved
408,427,66,44,55,44,56,85,50.0,350,190,393,0,0.4,12,12,5.5,4,Buneary,-1.9687066790919028,-0.28962706010934763,1,Baby
409,428,136,94,65,54,96,135,50.0,580,60,393,0,1.2,12,12,33.3,4,Lopunny,1.7512078963390019,0.06736403498202131,0,Fully Evolved
410,429,60,60,60,105,105,105,50.0,495,45,310,0,0.9,8,8,4.4,4,Mismagius,0.657015715471856,1.0118280814949998,0,Fully Evolved
411,430,125,52,100,105,52,71,50.0,505,30,38,0,0.9,1,7,27.3,4,Honchkrow,0.9777318141293853,1.9991740156590063,0,Fully Evolved
412,431,55,42,49,42,37,85,24.6,310,190,81,0,0.5,12,12,3.9,4,Glameow,-2.625236251052434,-0.023088482479071838,1,Baby
413,432,82,64,71,64,59,112,24.6,452,75,512,0,1.0,12,12,43.8,4,Purugly,-0.17661263410939027,-0.0770518914794544,0,Fully Evolved
414,433,30,50,45,65,50,45,50.0,285,120,37,0,0.2,14,14,0.6,4,Chingling,-2.422163076485989,-0.9188002168300337,1,Baby
415,434,63,47,63,41,41,74,50.0,329,225,453,0,0.4,13,1,19.2,4,Stunky,-2.363945640153568,0.7575771308014309,1,Baby
416,435,93,67,103,71,61,84,50.0,479,60,453,0,1.0,13,1,38.0,4,Skuntank,0.512469595012272,0.9030987627070107,0,Fully Evolved
417,436,24,86,57,24,86,23,101.0,300,255,65,0,0.5,16,14,60.5,4,Bronzor,-2.1120523218924077,-2.2176397610638205,1,Baby
418,437,89,116,67,79,116,33,101.0,500,90,64,0,1.3,16,14,187.0,4,Bronzong,1.698587183421075,-2.0658135719661446,0,Fully Evolved
419,438,80,95,50,10,45,10,50.0,290,255,58,0,0.5,15,15,15.0,4,Bonsly,-2.777033341611651,-2.0638533296162183,1,Baby
420,439,25,45,20,70,90,60,50.0,310,145,325,0,0.6,14,4,13.0,4,Mime Jr.,-2.1444242550977903,0.2367797641364062,1,Baby
421,440,5,5,100,15,65,30,0.0,220,130,370,0,0.6,12,12,24.4,4,Happiny,-3.468134743993231,-0.8935564881672793,1,Baby
422,441,65,45,76,92,42,91,50.0,411,30,339,0,0.5,12,7,1.9,4,Chatot,-0.47941622750077095,0.7428222559567133,0,Fully Evolved
423,442,92,108,50,92,108,35,50.0,485,100,191,0,1.0,8,1,108.0,4,Spiritomb,0.7009979310787626,0.751370791919517,0,Fully Evolved
424,443,70,45,58,40,45,42,50.0,300,45,275,0,0.7,2,10,20.5,4,Gible,-1.8121582624418762,0.7175344300093296,1,Baby
425,444,90,65,68,50,55,82,50.0,410,45,83,0,1.4,2,10,56.0,4,Gabite,-0.1678525961735239,1.1087305705033772,0,Fully Evolved
426,445,170,115,108,120,95,92,50.0,700,45,309,0,1.9,2,10,95.0,4,Garchomp,3.7836660904997625,1.0598007928662043,0,Fully Evolved
427,446,85,40,135,40,85,5,88.1,390,50,39,0,0.6,12,12,105.0,4,Munchlax,0.09108240746399789,-1.133161257524392,0,Fully Evolved
428,447,70,40,40,35,40,60,88.1,285,75,158,0,0.7,5,5,20.2,4,Riolu,-1.8728054688016365,1.2430882179232792,1,Baby
429,448,145,88,70,140,70,112,88.1,625,45,17,0,1.2,5,16,54.0,4,Lucario,2.808190596757446,0.7182307434049461,0,Fully Evolved
430,449,72,78,68,38,42,32,50.0,330,140,234,0,0.8,10,10,49.5,4,Hippopotas,-1.6878322333306446,-0.5750530493874082,1,Baby
431,450,112,118,108,68,72,47,50.0,525,60,228,0,2.0,10,10,300.0,4,Hippowdon,2.1089970162538734,-0.9234394935933287,0,Fully Evolved
432,451,50,90,40,30,55,65,50.0,330,120,424,0,0.8,13,0,12.0,4,Skorupi,-1.814780047820128,0.47340550655731956,1,Baby
433,452,90,110,70,60,75,95,50.0,500,45,349,0,1.3,13,1,61.5,4,Drapion,0.9396076294794078,0.7066343258852676,0,Fully Evolved
434,453,61,40,48,61,40,50,50.0,300,140,525,0,0.7,13,5,23.0,4,Croagunk,-2.2498556202519184,0.129278159665668,1,Baby
435,454,106,65,83,86,65,85,50.0,490,75,525,0,1.3,13,5,44.4,4,Toxicroak,0.6588794360939852,0.4600239814876446,0,Fully Evolved
436,455,100,72,74,90,72,46,50.0,454,200,71,0,1.4,9,9,27.0,4,Carnivine,-0.20947782226838246,0.15382042537623467,0,Fully Evolved
437,456,49,56,49,49,61,66,50.0,330,190,568,0,0.4,17,17,7.0,4,Finneon,-2.192268230281918,-1.8963571980253648,1,Baby
438,457,69,76,69,69,86,91,50.0,460,75,343,0,1.2,17,17,24.0,4,Lumineon,0.2546964006707046,-1.5458888793224097,0,Fully Evolved
439,458,20,50,45,60,120,50,50.0,345,25,271,0,1.0,17,7,65.0,4,Mantyke,-0.8384816452696995,-0.7398124677729355,1,Baby
440,459,62,50,60,62,60,40,50.0,334,120,201,0,1.0,9,11,50.5,4,Snover,-1.4800471514908253,-0.24638420158908497,1,Baby
441,460,132,105,90,132,105,30,50.0,594,60,201,0,2.2,9,11,135.5,4,Abomasnow,2.7193177847709396,-0.49950501481503384,0,Fully Evolved
442,461,120,65,70,45,85,125,50.0,510,45,444,0,1.1,1,11,34.0,4,Weavile,0.8603810359078881,1.3795762103525575,0,Fully Evolved
443,462,70,115,70,130,90,60,101.0,535,30,311,0,1.2,3,16,180.0,4,Magnezone,2.1769167470788506,-0.5172980764701887,0,Fully Evolved
444,463,85,95,110,80,95,50,50.0,515,30,286,0,1.7,12,12,140.0,4,Lickilicky,1.680285846757246,-1.0520869730062754,0,Fully Evolved
445,464,140,130,115,55,55,40,50.0,535,30,147,0,2.4,10,15,282.8,4,Rhyperior,2.4464165904732664,-1.5856304382284903,0,Fully Evolved
446,465,100,125,100,110,50,50,50.0,535,30,546,0,2.0,9,9,128.6,4,Tangrowth,1.8436261922120587,-0.4624933547807368,0,Fully Evolved
447,466,123,67,75,95,85,95,75.4,540,30,511,0,1.8,3,3,138.6,4,Electivire,2.0000016611187372,1.7691593444894453,0,Fully Evolved
448,467,95,67,75,125,95,83,75.4,540,30,49,0,1.6,6,6,68.0,4,Magmortar,1.9176116796319556,1.3843670832970947,0,Fully Evolved
449,468,50,95,85,120,115,80,88.1,545,30,264,0,1.5,4,7,38.0,4,Togekiss,1.9569474510128115,0.9143397102921432,0,Fully Evolved
450,469,76,86,86,116,56,95,50.0,515,30,348,0,1.9,0,7,51.5,4,Yanmega,1.2854298692781314,1.714598311844493,0,Fully Evolved
451,470,110,130,65,60,65,95,88.1,525,45,543,0,1.0,9,9,25.5,4,Leafeon,1.3147807836378462,-0.04610948444419536,0,Fully Evolved
452,471,60,110,65,130,95,65,88.1,525,45,199,0,0.8,11,11,25.9,4,Glaceon,1.4508129882106195,-0.3641656329338213,0,Fully Evolved
453,472,95,125,75,45,75,95,50.0,510,30,170,0,2.0,10,7,42.5,4,Gliscor,1.2938495805285437,0.21974721572965455,0,Fully Evolved
454,473,130,80,110,70,60,80,50.0,530,50,539,0,2.5,11,10,291.0,4,Mamoswine,2.209827180606819,-0.5556900217620944,0,Fully Evolved
455,474,80,70,85,135,75,90,101.0,535,30,547,0,0.9,12,12,34.0,4,Porygon-Z,1.6935092104333953,-0.22212290151985015,0,Fully Evolved
456,475,165,95,68,65,115,110,100.0,618,45,47,0,1.6,14,5,52.0,4,Gallade,2.9844990427917173,0.6411176407568597,0,Fully Evolved
457,476,55,145,60,75,150,40,50.0,525,60,106,0,1.4,15,16,340.0,4,Probopass,2.1470166323459297,-2.6431474213421957,0,Fully Evolved
458,477,100,135,45,65,135,45,50.0,525,45,218,0,2.2,8,8,106.6,4,Dusknoir,1.7585000193421112,-0.4147320524010457,0,Fully Evolved
459,478,80,70,70,80,70,110,0.0,480,75,462,0,1.3,11,8,26.6,4,Froslass,0.045461021133495344,0.596453261427064,0,Fully Evolved
460,479,65,107,50,105,107,86,101.0,520,45,367,0,0.3,3,8,0.3,4,Rotom,1.1776092334324935,0.9618507942882146,0,Fully Evolved
461,480,75,130,75,75,130,95,101.0,580,3,273,1,0.3,14,14,0.3,4,Uxie,3.138460696059439,-1.008049245389839,2,Legendary
462,481,105,105,80,105,105,80,101.0,580,3,161,1,0.3,14,14,0.3,4,Mesprit,3.180998941820619,-0.6545527776666884,2,Legendary
463,482,125,70,75,125,70,115,101.0,580,3,564,1,0.3,14,14,0.3,4,Azelf,3.0029541323041444,-0.08272178586735118,2,Legendary
464,483,120,120,100,150,100,90,101.0,680,3,504,1,5.4,16,2,683.0,4,Dialga,7.373909024446356,-0.7052257026626997,2,Legendary
465,484,120,100,90,150,120,100,101.0,680,3,469,1,4.2,17,2,336.0,4,Palkia,6.233883873754403,0.005895580405163505,2,Legendary
466,485,90,106,91,130,106,77,50.0,600,3,280,1,1.7,6,16,430.0,4,Heatran,4.415754737008908,-0.7216898154107245,2,Legendary
467,486,160,110,110,80,110,100,101.0,670,3,104,1,3.7,12,12,420.0,4,Regigigas,6.235250595241036,-0.7979894716841207,2,Legendary
468,487,120,100,150,120,100,90,101.0,680,3,397,1,4.5,8,2,750.0,4,Giratina,7.3427966758253955,0.14843479363182463,2,Legendary
469,488,70,120,120,75,130,85,0.0,600,3,307,1,1.5,14,14,85.6,4,Cresselia,3.2057156193315177,-1.1552029544292857,2,Legendary
470,489,80,80,80,80,80,80,101.0,480,30,431,0,0.4,17,17,3.1,4,Phione,0.8465440916792275,-1.6490883108782475,0,Fully Evolved
471,490,100,100,100,100,100,100,101.0,600,3,437,1,0.3,17,17,1.4,4,Manaphy,3.3789309745738034,-1.345345048032355,2,Legendary
472,491,90,90,70,135,90,125,101.0,600,3,365,1,1.5,1,1,50.5,4,Darkrai,3.6473045623431988,2.7918790432472633,2,Legendary
473,492,103,75,100,120,75,127,101.0,600,45,217,1,0.2,9,9,2.1,4,Shaymin,3.0944338999580454,1.2533263857185288,2,Legendary
474,493,120,120,120,120,120,120,101.0,720,3,2,1,3.2,12,12,320.0,4,Arceus,6.49690285118609,-0.391727160015222,2,Legendary
475,494,100,100,100,100,100,100,101.0,600,3,545,1,0.4,14,6,4.0,5,Victini,3.387281446211304,0.37457927778978184,2,Legendary
476,495,45,55,45,45,55,63,88.1,308,45,215,0,0.6,9,9,8.1,5,Snivy,-1.4615282853331268,0.2725724313033059,1,Baby
477,496,60,75,60,60,75,83,88.1,413,45,215,0,0.8,9,9,16.0,5,Servine,-0.05523251413910124,0.37856446692273943,0,Fully Evolved
478,497,75,95,75,75,95,113,88.1,528,45,395,0,3.3,9,9,63.0,5,Serperior,2.1230024082660006,0.23978110042204115,0,Fully Evolved
479,498,63,45,65,45,45,45,88.1,308,45,176,0,0.5,6,6,9.9,5,Tepig,-1.4409543155349664,0.9305962842061607,1,Baby
480,499,93,55,90,70,55,55,88.1,418,45,176,0,1.0,6,5,55.5,5,Pignite,0.223610991972026,1.145663369216718,0,Fully Evolved
481,500,123,65,110,100,65,65,88.1,528,45,319,0,1.6,6,5,150.0,5,Emboar,2.002412207099979,1.0922243481765512,0,Fully Evolved
482,501,55,45,55,63,45,45,88.1,308,45,434,0,0.5,17,17,5.9,5,Oshawott,-1.4467067064478114,-1.7379184146190956,1,Baby
483,502,75,60,75,83,60,60,88.1,413,45,138,0,0.8,17,17,24.5,5,Dewott,0.07942593351173728,-1.4355008252919257,0,Fully Evolved
484,503,100,85,95,108,70,70,88.1,528,45,193,0,1.5,17,17,94.6,5,Samurott,1.897779273334324,-1.5451371276844856,0,Fully Evolved
485,504,55,39,45,35,39,42,50.0,255,255,425,0,0.5,12,12,11.6,5,Patrat,-3.349395619035711,-0.7284925671725899,1,Baby
486,505,85,69,60,60,69,77,50.0,420,255,304,0,1.1,12,12,27.0,5,Watchog,-1.0515933167532878,-0.4188360028794692,1,Baby
487,506,60,45,45,25,45,55,50.0,275,255,392,0,0.4,12,12,4.1,5,Lillipup,-3.154786586972149,-0.6292525067626343,1,Baby
488,507,80,65,65,35,65,60,50.0,370,120,306,0,0.9,12,12,14.7,5,Herdier,-1.1543216419825761,-0.5744470838360499,1,Baby
489,508,110,90,85,45,90,80,50.0,500,45,43,0,1.2,12,12,61.0,5,Stoutland,1.0743072577227955,-0.32773795987320553,0,Fully Evolved
490,509,50,37,41,50,37,66,50.0,281,255,133,0,0.4,1,1,10.1,5,Purrloin,-3.1091187859948364,2.3734088305365697,1,Baby
491,510,88,50,64,88,50,106,50.0,446,90,117,0,1.1,1,1,37.5,5,Liepard,-0.07556887637412277,2.9755163440464645,0,Fully Evolved
492,511,53,48,50,53,48,64,88.1,316,190,213,0,0.6,9,9,10.5,5,Pansage,-1.9815741355012049,0.29842237205354954,1,Baby
493,512,98,63,75,98,63,101,88.1,498,75,506,0,1.1,9,9,30.5,5,Simisage,0.9360805085460837,0.6867007820937134,0,Fully Evolved
494,513,53,48,50,53,48,64,88.1,316,190,233,0,0.6,6,6,11.0,5,Pansear,-2.0008864314473733,0.9846827170738444,1,Baby
495,514,98,63,75,98,63,101,88.1,498,75,159,0,1.0,6,6,28.0,5,Simisear,0.9516545937093794,1.629633963997753,0,Fully Evolved
496,515,53,48,50,53,48,64,88.1,316,190,478,0,0.6,17,17,13.5,5,Panpour,-1.9789221601127613,-1.749954325340851,1,Baby
497,516,98,63,75,98,63,101,88.1,498,75,208,0,1.0,17,17,29.0,5,Simipour,1.006520949465217,-0.9721899242125727,0,Fully Evolved
498,517,25,45,76,67,55,24,50.0,292,190,146,0,0.6,14,14,23.3,5,Munna,-2.389647810435832,-1.2502274690696995,1,Baby
499,518,55,85,116,107,95,29,50.0,487,75,148,0,1.1,14,14,60.5,5,Musharna,0.8908646123630218,-1.3438840298375596,0,Fully Evolved
500,519,55,50,50,36,30,43,50.0,264,255,518,0,0.3,12,7,2.1,5,Pidove,-3.3461691903518647,-0.18421260588417498,1,Baby
501,520,77,62,62,50,42,65,50.0,358,120,563,0,0.6,12,7,15.0,5,Tranquill,-1.4796094889754579,0.08229019881941525,1,Baby
502,521,115,80,80,65,55,93,50.0,488,45,387,0,1.2,12,7,29.0,5,Unfezant,0.7037476829639134,0.4995176035902186,0,Fully Evolved
503,522,60,32,45,50,32,76,50.0,295,190,157,0,0.8,3,3,29.8,5,Blitzle,-2.509361722606866,2.054303336745994,1,Baby
504,523,100,63,75,80,63,116,50.0,497,75,511,0,1.6,3,3,79.5,5,Zebstrika,0.8132669606234478,2.141148039673767,0,Fully Evolved
505,524,75,85,55,25,25,15,50.0,280,255,315,0,0.4,15,15,18.0,5,Roggenrola,-2.975354444887237,-1.929498725055865,1,Baby
506,525,105,105,70,50,40,20,50.0,390,120,352,0,0.9,15,15,102.0,5,Boldore,-0.6379288972719778,-1.9457827165180543,1,Baby
507,526,135,130,85,60,80,25,50.0,515,45,107,0,1.7,15,15,260.0,5,Gigalith,1.9702449536395648,-2.0881769027111603,0,Fully Evolved
508,527,45,43,65,55,43,72,50.0,323,190,30,0,0.4,14,7,2.1,5,Woobat,-2.208721977515614,0.32808196793152933,1,Baby
509,528,57,55,67,77,55,114,50.0,425,45,115,0,0.9,14,7,10.5,5,Swoobat,-0.21483201247242809,0.7958994765556329,0,Fully Evolved
510,529,85,40,60,30,45,68,50.0,328,120,329,0,0.3,10,10,8.5,5,Drilbur,-1.9148122485166843,0.22886568737152174,1,Baby
511,530,135,60,110,50,65,88,50.0,508,60,491,0,0.7,10,16,40.4,5,Excadrill,0.8367364810327143,-0.44633532728900926,0,Fully Evolved
512,531,60,126,103,80,126,50,50.0,545,255,227,0,1.1,12,12,31.0,5,Audino,0.7168540679230607,-1.2120211029116763,0,Fully Evolved
513,532,80,55,75,25,35,35,75.4,305,180,337,0,0.6,5,5,12.5,5,Timburr,-2.1504964911133944,0.7757821480996555,1,Baby
514,533,105,85,85,40,50,40,75.4,405,90,337,0,1.2,5,5,40.0,5,Gurdurr,-0.25042417241270476,0.7025832289335239,0,Fully Evolved
515,534,140,95,105,55,65,45,75.4,505,45,337,0,1.4,5,5,87.0,5,Conkeldurr,1.4178872190851144,0.7595125141133733,0,Fully Evolved
516,535,50,40,50,50,40,64,50.0,294,255,502,0,0.5,17,17,4.5,5,Tympole,-2.8934597134272413,-1.6669600866296237,1,Baby
517,536,65,55,75,65,55,69,50.0,384,120,544,0,0.8,17,10,17.0,5,Palpitoad,-1.035146133174341,-0.7625217225755372,1,Baby
518,537,95,75,105,85,75,74,50.0,509,45,544,0,1.5,17,10,62.0,5,Seismitoad,1.2210743510709465,-0.8065503327856772,0,Fully Evolved
519,538,100,85,120,30,85,45,100.0,465,45,265,0,1.3,5,5,55.5,5,Throh,1.0468709358719686,0.5859371720125096,0,Fully Evolved
520,539,125,75,75,30,75,85,100.0,465,45,267,0,1.4,5,5,51.0,5,Sawk,0.9254147551763078,1.2377710702104336,0,Fully Evolved
521,540,53,70,45,40,60,42,50.0,310,255,441,0,0.3,0,9,2.5,5,Sewaddle,-2.7688234944869534,0.7219264919485447,1,Baby
522,541,63,90,55,50,80,42,50.0,380,120,284,0,0.5,0,9,7.3,5,Swadloon,-1.1683506112575381,0.7826801924755896,1,Baby
523,542,103,80,75,70,80,92,50.0,500,45,347,0,1.2,0,9,20.5,5,Leavanny,0.8204137484922466,1.5132735760725644,0,Fully Evolved
524,543,45,59,30,30,39,57,50.0,260,255,86,0,0.4,0,13,5.3,5,Venipede,-3.374470951098895,0.671866601966199,1,Baby
525,544,55,99,40,40,79,47,50.0,360,120,119,0,1.2,0,13,58.5,5,Whirlipede,-1.1143667464485985,0.20898073698300432,1,Baby
526,545,100,89,60,55,69,112,50.0,485,45,320,0,2.5,0,13,200.5,5,Scolipede,1.3376982970475761,0.7960238157817273,0,Fully Evolved
527,546,27,60,40,37,50,66,50.0,280,190,113,0,0.3,9,4,0.6,5,Cottonee,-2.8453392668912856,0.900125806580395,1,Baby
528,547,67,85,60,77,75,116,50.0,480,75,567,0,0.7,9,4,6.6,5,Whimsicott,0.18703948025728773,1.2284496202331412,0,Fully Evolved
529,548,35,50,45,70,50,30,0.0,280,190,73,0,0.5,9,9,6.6,5,Petilil,-3.0607138816892974,0.21931843584672348,1,Baby
530,549,60,75,70,110,75,90,0.0,480,75,188,0,1.1,9,9,16.3,5,Lilligant,0.07938972704110596,0.8062038950929569,0,Fully Evolved
531,550,92,65,70,80,55,98,50.0,460,25,236,0,1.0,17,17,18.0,5,Basculin,0.40045478332696277,-0.9883803929953726,0,Fully Evolved
532,551,72,35,50,35,35,65,50.0,292,180,130,0,0.7,10,1,15.2,5,Sandile,-2.5013815123027965,1.4251133435036434,1,Baby
533,552,82,45,60,45,45,74,50.0,351,90,130,0,1.0,10,1,33.4,5,Krokorok,-1.233609629407312,1.5087824308521185,1,Baby
534,553,117,80,95,65,70,92,50.0,519,45,250,0,1.5,10,1,96.3,5,Krookodile,1.3886410285603896,1.3909203956697052,0,Fully Evolved
535,554,90,45,70,15,45,50,50.0,315,120,577,0,0.6,6,6,37.5,5,Darumaka,-1.955867016854994,0.6438368020428333,1,Baby
536,555,30,105,105,140,105,55,50.0,540,60,52,0,1.3,6,6,92.9,5,Darmanitan,1.675477879853393,0.7374073597209847,0,Fully Evolved
537,556,86,67,75,106,67,60,50.0,461,255,75,0,1.0,9,9,28.0,5,Maractus,-0.4718125295636762,0.45992828336743563,0,Fully Evolved
538,557,65,85,50,35,35,55,50.0,325,190,403,0,0.3,0,15,14.5,5,Dwebble,-2.3134979907597133,0.1149964534422187,1,Baby
539,558,105,125,70,65,75,45,50.0,485,75,487,0,1.4,0,15,200.0,5,Crustle,1.0311392921675901,-0.43297272427079597,0,Fully Evolved
540,559,75,70,50,35,70,48,50.0,348,180,446,0,0.6,1,5,11.8,5,Scraggy,-1.851245269175493,1.2148934687574655,1,Baby
541,560,90,115,65,45,115,58,50.0,488,90,235,0,1.1,1,5,30.0,5,Scrafty,0.5753539300718056,1.1361792578489978,0,Fully Evolved
542,561,58,80,72,103,80,97,50.0,490,45,20,0,1.4,14,7,14.0,5,Sigilyph,0.8365933362714248,0.5234464343790542,0,Fully Evolved
543,562,30,85,38,55,65,30,50.0,303,190,475,0,0.5,8,8,1.5,5,Yamask,-2.4820472765349404,-0.24891066796781874,1,Baby
544,563,50,145,58,95,105,30,50.0,483,90,101,0,1.7,8,8,76.5,5,Cofagrigus,0.8663774610484479,-0.40630881986970974,0,Fully Evolved
545,564,78,103,54,53,45,22,88.1,355,45,386,0,0.7,17,15,16.5,5,Tirtouga,-0.7404890454123298,-2.100650048454394,1,Baby
546,565,108,133,74,83,65,32,88.1,495,45,386,0,1.2,17,15,81.0,5,Carracosta,1.3528545669917291,-2.1661591429269396,0,Fully Evolved
547,566,112,45,55,74,45,70,88.1,401,45,178,0,0.5,15,7,9.5,5,Archen,-0.26792456622429556,0.3967538483185083,0,Fully Evolved
548,567,140,65,75,112,65,110,88.1,567,45,178,0,1.4,15,7,32.0,5,Archeops,2.10379105079568,0.7780739676123446,0,Fully Evolved
549,568,50,62,50,40,62,65,50.0,329,190,530,0,0.6,13,13,31.0,5,Trubbish,-2.087391528973031,-0.9787803744762782,1,Baby
550,569,95,82,80,60,82,75,50.0,474,60,531,0,1.9,13,13,107.3,5,Garbodor,0.8863798009484363,-0.9746292819030165,0,Fully Evolved
551,570,65,40,40,80,40,65,88.1,330,75,532,0,0.7,1,1,12.5,5,Zorua,-1.3937718785209892,2.270374114755682,1,Baby
552,571,105,60,60,120,60,105,88.1,510,45,246,0,1.6,1,1,81.1,5,Zoroark,1.4527464881938847,2.8455699627740056,0,Fully Evolved
553,572,50,40,55,40,40,75,24.6,300,255,93,0,0.4,12,12,5.8,5,Minccino,-3.005349952952527,-0.10301097231325496,1,Baby
554,573,95,60,75,65,60,115,24.6,470,60,421,0,0.5,12,12,7.5,5,Cinccino,-0.05999693234174064,0.28008389651174914,0,Fully Evolved
555,574,30,50,45,55,65,45,24.6,290,200,181,0,0.4,14,14,5.8,5,Gothita,-2.821444999645179,-1.015153444528448,1,Baby
556,575,45,70,60,75,85,55,24.6,390,100,313,0,0.7,14,14,18.0,5,Gothorita,-1.013004892086588,-1.028590923554212,1,Baby
557,576,55,95,70,95,110,65,24.6,490,50,14,0,1.5,14,14,44.0,5,Gothitelle,0.8224681378459677,-0.8997773336784429,0,Fully Evolved
558,577,30,40,45,105,50,20,50.0,290,200,85,0,0.3,14,14,1.0,5,Solosis,-2.604171394902068,-0.9397871387014823,1,Baby
559,578,40,50,65,125,60,30,50.0,370,100,326,0,0.6,14,14,8.0,5,Duosion,-1.087490211571069,-0.9530770255095821,1,Baby
560,579,65,75,110,125,85,30,50.0,490,50,336,0,1.0,14,14,20.1,5,Reuniclus,0.8643655711086532,-1.1717071074343057,0,Fully Evolved
561,580,44,50,62,44,50,55,50.0,305,190,549,0,0.5,17,7,5.5,5,Ducklett,-2.4506210498835608,-0.6453648255771931,1,Baby
562,581,87,63,75,87,63,98,50.0,473,45,558,0,1.3,17,7,24.2,5,Swanna,0.5194300036483286,0.013641170209635718,0,Fully Evolved
563,582,50,50,36,65,60,44,50.0,305,255,199,0,0.4,11,11,5.7,5,Vanillite,-2.7041091033921916,-0.2964564222198979,1,Baby
564,583,65,65,51,80,75,59,50.0,395,120,244,0,1.1,11,11,41.0,5,Vanillish,-0.7097945326813683,-0.21531165077116668,1,Baby
565,584,95,85,71,110,95,79,50.0,535,45,463,0,1.3,11,11,57.5,5,Vanilluxe,1.4561850529018587,-0.10981053518442557,0,Fully Evolved
566,585,60,50,60,40,50,75,50.0,335,190,439,0,0.6,12,9,19.5,5,Deerling,-2.0496583443686056,-0.06016572618850611,1,Baby
567,586,100,70,80,60,70,95,50.0,475,75,439,0,1.9,12,9,92.5,5,Sawsbuck,0.7557433225729154,0.043280726018539384,0,Fully Evolved
568,587,75,60,55,75,60,103,50.0,428,200,455,0,0.4,3,7,5.0,5,Emolga,-1.0888111145194581,1.599108490372131,1,Baby
569,588,75,45,50,40,45,60,50.0,315,200,94,0,0.5,0,0,5.9,5,Karrablast,-2.3891800759453163,2.558079384080783,1,Baby
570,589,135,105,70,60,105,20,50.0,495,75,82,0,1.0,0,16,33.0,5,Escavalier,0.8285216067620015,-0.1385818677527709,0,Fully Evolved
571,590,55,45,69,55,55,15,50.0,294,190,338,0,0.2,9,13,1.0,5,Foongus,-2.5694760542952415,-0.695587405586154,1,Baby
572,591,85,70,114,85,80,30,50.0,464,75,338,0,0.6,9,13,10.5,5,Amoonguss,0.27001874368500833,-0.5523686794139954,0,Fully Evolved
573,592,40,50,55,65,85,40,50.0,335,190,186,0,1.2,17,8,33.0,5,Frillish,-1.6778853414741566,-0.7609110279759244,1,Baby
574,593,60,70,100,85,105,60,50.0,480,60,186,0,2.2,17,8,135.0,5,Jellicent,1.2721578358892236,-0.760377885786982,0,Fully Evolved
575,594,75,80,165,40,45,65,50.0,470,75,79,0,1.2,17,17,31.6,5,Alomomola,0.5700213785367372,-1.7409045444273243,0,Fully Evolved
576,595,47,50,50,57,50,65,50.0,319,190,16,0,0.1,0,3,0.6,5,Joltik,-2.4021367781376326,2.2729652812056185,1,Baby
577,596,77,60,70,97,60,108,50.0,472,75,154,0,0.8,0,3,14.3,5,Galvantula,0.18752270045534944,2.8031685230453474,0,Fully Evolved
578,597,50,91,44,24,86,10,50.0,305,255,509,0,0.6,9,16,18.8,5,Ferroseed,-2.591662665244005,-1.8345557508970591,1,Baby
579,598,94,131,74,54,116,20,50.0,489,90,507,0,1.0,9,16,110.0,5,Ferrothorn,0.8363993048839764,-1.8724894548810567,0,Fully Evolved
580,599,55,70,40,45,60,30,101.0,300,130,205,0,0.3,16,16,21.0,5,Klink,-1.7751937390309376,-1.8613117402024986,1,Baby
581,600,80,95,60,70,85,50,101.0,440,60,205,0,0.6,16,16,51.0,5,Klang,0.47204331633361085,-1.721336835767444,0,Fully Evolved
582,601,100,115,60,70,85,90,101.0,520,30,205,0,0.6,16,16,81.0,5,Klinklang,1.6056991931220412,-1.3878120969920535,0,Fully Evolved
583,602,55,40,35,45,40,60,50.0,275,190,153,0,0.2,3,3,0.3,5,Tynamo,-2.9646790695785805,1.8774933646651288,1,Baby
584,603,85,70,65,75,70,40,50.0,405,60,153,0,1.2,3,3,22.0,5,Eelektrik,-0.32308823678778154,1.5674112305673917,0,Fully Evolved
585,604,115,80,85,105,80,50,50.0,515,30,153,0,2.1,3,3,80.5,5,Eelektross,1.6038353243120282,1.6566434982670248,0,Fully Evolved
586,605,55,55,55,85,55,30,50.0,335,255,87,0,0.5,14,14,9.0,5,Elgyem,-2.2062264048967224,-1.030946521021749,1,Baby
587,606,75,75,75,125,95,40,50.0,485,90,87,0,1.0,14,14,34.5,5,Beheeyem,0.6647851108659023,-0.8876652960366477,0,Fully Evolved
588,607,30,55,50,65,55,20,50.0,275,190,76,0,0.3,8,6,3.1,5,Litwick,-2.7806559203049517,0.4282198055245111,1,Baby
589,608,40,60,60,95,60,55,50.0,370,90,274,0,0.6,8,6,13.0,5,Lampent,-1.1230030517431564,0.8081587585505522,1,Baby
590,609,55,90,60,145,90,80,50.0,520,45,308,0,1.0,8,6,34.3,5,Chandelure,1.116745519257786,1.0252569549674135,0,Fully Evolved
591,610,87,60,46,30,40,57,50.0,320,75,537,0,0.6,2,2,18.0,5,Axew,-1.8115234141022674,1.7297018336562728,1,Baby
592,611,117,70,66,40,50,67,50.0,410,60,21,0,1.0,2,2,36.0,5,Fraxure,-0.3399998052733506,2.1608088841251862,0,Fully Evolved
593,612,147,90,76,60,70,97,50.0,540,45,21,0,1.8,2,2,105.5,5,Haxorus,1.7329577714702167,2.328183069028612,0,Fully Evolved
594,613,70,40,55,60,40,40,50.0,305,120,91,0,0.5,11,11,8.5,5,Cubchoo,-2.0581338053094695,-0.06288190226703758,1,Baby
595,614,130,80,95,70,80,50,50.0,505,60,198,0,2.6,11,11,260.0,5,Beartic,1.9569144045092681,-0.6670905784734215,0,Fully Evolved
596,615,50,50,80,95,135,105,101.0,515,25,118,0,1.1,11,11,148.0,5,Cryogonal,1.9272316146667698,0.1467367654199898,0,Fully Evolved
597,616,40,85,50,40,65,25,50.0,305,200,459,0,0.4,0,0,7.7,5,Shelmet,-2.5302822526620385,1.5190022378996044,1,Baby
598,617,70,40,80,100,60,145,50.0,495,75,447,0,0.8,0,0,25.3,5,Accelgor,0.39257341322491446,3.4818052364502425,0,Fully Evolved
599,618,66,84,109,81,99,32,50.0,471,75,529,0,0.7,10,3,11.0,5,Stunfisk,0.3511151860534318,0.27664542462087105,0,Fully Evolved
600,619,85,50,45,55,50,65,50.0,350,180,317,0,0.9,5,5,20.0,5,Mienfoo,-1.7391927179711033,1.3185030586269817,1,Baby
601,620,125,60,65,95,60,105,50.0,510,45,317,0,1.4,5,5,35.5,5,Mienshao,1.0111524187835814,1.966928523972649,0,Fully Evolved
602,621,120,90,77,60,90,48,50.0,485,45,83,0,1.6,2,2,139.0,5,Druddigon,1.1735181195096025,1.604621402811458,0,Fully Evolved
603,622,74,50,59,35,50,35,101.0,303,190,19,0,1.0,10,8,92.0,5,Golett,-1.6350769285540232,-0.0760150681809307,1,Baby
604,623,124,80,89,55,80,55,101.0,483,90,19,0,2.8,10,8,330.0,5,Golurk,2.1665715618254544,-0.31998593131598574,0,Fully Evolved
605,624,85,70,45,40,40,60,50.0,340,120,443,0,0.5,1,16,10.2,5,Pawniard,-1.7786670978300543,0.13239704574912192,1,Baby
606,625,125,100,65,60,70,70,50.0,490,45,498,0,1.6,1,16,70.0,5,Bisharp,0.9156758990095574,0.010595441042264689,0,Fully Evolved
607,626,110,95,95,40,95,55,50.0,490,45,29,0,1.6,12,12,94.6,5,Bouffalant,1.201657250742766,-0.7428676974032703,0,Fully Evolved
608,627,83,50,70,37,50,60,100.0,350,190,150,0,0.5,12,7,10.5,5,Rufflet,-1.4267727918618776,0.1918356975526057,1,Baby
609,628,123,75,100,57,75,80,100.0,510,60,541,0,1.5,12,7,41.0,5,Braviary,1.4591477686921475,0.07014428864675545,0,Fully Evolved
610,629,55,75,70,45,65,60,0.0,370,190,134,0,0.5,1,7,9.0,5,Vullaby,-1.9837767950124758,1.333123613013392,1,Baby
611,630,65,105,110,55,95,80,0.0,510,60,57,0,1.2,1,7,39.5,5,Mandibuzz,0.665995859496614,1.350753019770129,0,Fully Evolved
612,631,97,66,85,105,66,65,50.0,484,90,5,0,1.4,6,6,58.0,5,Heatmor,0.7100331906920199,1.3264510178867701,0,Fully Evolved
613,632,109,112,58,48,48,109,50.0,484,90,252,0,0.3,0,16,33.0,5,Durant,0.12981402149675794,0.6871595466949685,0,Fully Evolved
614,633,65,50,52,45,50,38,50.0,300,45,251,0,0.8,1,2,17.3,5,Deino,-1.7748439261279625,1.8678213537548023,1,Baby
615,634,85,70,72,65,70,58,50.0,420,45,236,0,1.4,1,2,50.0,5,Zweilous,-0.002892044836388476,1.9496867863158072,0,Fully Evolved
616,635,105,90,92,125,90,98,50.0,600,45,66,0,1.8,1,2,160.0,5,Hydreigon,2.66112776924985,2.431499193057873,0,Fully Evolved
617,636,85,55,55,50,55,60,50.0,360,45,523,0,1.1,0,6,28.8,5,Larvesta,-0.9887704647873019,1.5266123956287845,1,Baby
618,637,60,65,85,135,105,100,50.0,550,15,492,0,1.6,0,6,46.0,5,Volcarona,1.7605182069738814,2.0220188871628646,0,Fully Evolved
619,638,90,129,91,90,72,108,101.0,580,3,259,1,2.1,16,5,250.0,5,Cobalion,4.1571459790827205,-0.1232889906373284,2,Legendary
620,639,129,90,91,72,90,108,101.0,580,3,84,1,1.9,15,5,260.0,5,Terrakion,4.2001738598261,0.38342004859152007,2,Legendary
621,640,90,72,91,90,129,108,101.0,580,3,216,1,2.0,9,5,200.0,5,Virizion,4.086223318894013,1.022549547915507,2,Legendary
622,641,100,80,79,110,90,121,100.0,580,3,120,1,1.5,7,7,63.0,5,Tornadus,3.53617384850073,1.5753840071947658,2,Legendary
623,642,105,70,79,145,80,101,100.0,580,3,56,1,1.5,3,7,61.0,5,Thundurus,3.5624807150818993,2.0941428297058953,2,Legendary
624,643,120,100,100,150,120,90,101.0,680,3,542,1,3.2,2,6,330.0,5,Reshiram,5.932932714267161,1.1373915919482995,2,Legendary
625,644,150,120,100,120,100,90,101.0,680,3,127,1,2.9,2,3,345.0,5,Zekrom,5.929427586823699,1.6581963888827718,2,Legendary
626,645,145,90,89,105,80,91,100.0,600,3,0,1,1.5,10,7,68.0,5,Landorus,3.8987550106294258,1.0617828409152033,2,Legendary
627,646,120,90,125,170,100,95,101.0,700,3,60,1,3.0,2,11,325.0,5,Kyurem,6.2159443541933355,1.069103007144583,2,Legendary
628,647,72,90,91,129,90,108,101.0,580,3,105,1,1.4,17,5,48.5,5,Keldeo,3.56231943763734,0.5532011459083727,2,Legendary
629,648,128,90,100,77,77,128,101.0,600,3,321,1,0.6,12,14,6.5,5,Meloetta,3.4046902738576272,0.11862259246649658,2,Legendary
630,649,120,95,71,120,95,99,101.0,600,3,356,1,1.5,0,16,82.5,5,Genesect,3.8204990020953815,0.782777647142464,2,Legendary
631,650,61,65,56,48,45,38,88.1,313,45,472,0,0.4,9,9,9.0,6,Chespin,-1.4265297937726233,-0.05424310753706831,1,Baby
632,651,78,95,61,56,58,57,88.1,405,45,473,0,0.7,9,9,29.0,6,Quilladin,-0.1535361686722996,-0.05109442705444791,0,Fully Evolved
633,652,107,122,88,74,75,64,88.1,530,45,473,0,1.6,9,5,90.0,6,Chesnaught,1.8502890082355843,0.28933363349778435,0,Fully Evolved
634,653,45,40,40,62,60,60,88.1,307,45,195,0,0.4,6,6,9.4,6,Fennekin,-1.4992144397941356,1.2406697698069535,1,Baby
635,654,59,58,59,90,70,73,88.1,409,45,195,0,1.0,6,6,14.5,6,Braixen,-0.02497809591569353,1.3256630138518404,0,Fully Evolved
636,655,69,72,75,114,100,104,88.1,534,45,195,0,1.5,6,14,39.0,6,Delphox,1.7587392202836907,0.5433574508850938,0,Fully Evolved
637,656,56,40,41,62,44,71,88.1,314,45,68,0,0.3,17,17,7.0,6,Froakie,-1.397964247980536,-1.0491151705623676,1,Baby
638,657,63,52,54,83,56,97,88.1,405,45,68,0,0.6,17,17,10.9,6,Frogadier,-0.17523071288906036,-0.8073254257396462,0,Fully Evolved
639,658,145,67,72,153,71,132,88.1,640,45,345,0,1.5,17,1,40.0,6,Greninja,3.0369311567665753,1.6930936800375807,0,Fully Evolved
640,659,36,38,38,32,36,57,50.0,237,255,135,0,0.4,12,12,5.0,6,Bunnelby,-3.590003582969094,-0.3106053521873839,1,Baby
641,660,56,77,85,50,77,78,50.0,423,127,135,0,1.0,12,10,42.4,6,Diggersby,-0.37047153961398027,-0.11103904325736406,0,Fully Evolved
642,661,50,43,45,40,38,62,50.0,278,255,520,0,0.3,12,7,1.7,6,Fletchling,-3.178487093366573,0.15844995217819052,1,Baby
643,662,73,55,62,56,52,84,50.0,382,120,159,0,0.7,6,7,16.0,6,Fletchinder,-1.0977449646379573,1.3350534280279505,1,Baby
644,663,81,71,78,74,69,126,50.0,499,45,423,0,1.2,6,7,24.5,6,Talonflame,0.7703101994965184,1.550608964539544,0,Fully Evolved
645,664,35,40,38,27,25,35,50.0,200,255,422,0,0.3,0,0,2.5,6,Scatterbug,-4.185494056956102,2.0565173672122055,1,Baby
646,665,22,60,45,27,30,29,50.0,213,120,422,0,0.3,0,0,8.4,6,Spewpa,-3.4053007914967663,1.877657445117006,1,Baby
647,666,52,50,80,90,50,89,50.0,411,45,418,0,1.2,0,7,17.0,6,Vivillon,-0.33474202659353064,1.970399080938592,0,Fully Evolved
648,667,50,58,62,73,54,72,11.2,369,220,290,0,0.6,6,12,13.5,6,Litleo,-2.0201368955998382,0.4873048157849297,1,Baby
649,668,68,72,86,109,66,106,11.2,507,65,410,0,1.5,6,12,81.5,6,Pyroar,0.7603825229607926,0.7768850762546688,0,Fully Evolved
650,669,38,39,44,61,79,42,0.0,303,225,451,0,0.1,4,4,0.1,6,Flabébé,-3.100247123051229,1.3702873927180252,1,Baby
651,670,65,67,74,125,128,92,0.0,551,120,169,0,0.2,4,4,0.9,6,Floette,0.5888775974776881,2.1970006086909963,0,Fully Evolved
652,671,65,68,78,112,154,75,0.0,552,45,203,0,1.1,4,4,10.0,6,Florges,1.2494319204628717,1.8425742392359126,0,Fully Evolved
653,672,65,48,66,62,57,52,50.0,350,200,333,0,0.9,9,9,31.0,6,Skiddo,-1.70029717460285,0.2446263977519399,1,Baby
654,673,100,62,123,97,81,68,50.0,531,45,333,0,1.7,9,9,91.0,6,Gogoat,1.6953595793347684,0.4245459568246064,0,Fully Evolved
655,674,82,62,67,46,48,43,50.0,348,220,369,0,0.6,5,5,8.0,6,Pancham,-1.9741683129244028,1.0032017574234873,1,Baby
656,675,124,78,95,69,71,58,50.0,495,65,125,0,2.1,5,1,136.0,6,Pangoro,1.3454236864128755,1.6840810466607243,0,Fully Evolved
657,676,80,60,75,65,90,102,50.0,472,160,379,0,1.2,12,12,28.0,6,Furfrou,0.0549024585709033,-0.0380335314705069,0,Fully Evolved
658,677,48,54,62,63,60,68,50.0,355,190,399,0,0.3,14,14,3.5,6,Espurr,-1.8394855438679159,-0.7952692630933588,1,Baby
659,678,48,76,74,83,81,104,50.0,466,75,108,0,0.6,14,14,8.5,6,Meowstic,0.1775069491465469,-0.28708992376224246,0,Fully Evolved
660,679,80,100,45,35,37,28,50.0,325,180,499,0,0.8,16,8,2.0,6,Honedge,-2.053404657200346,-1.0548494646041107,1,Baby
661,680,110,150,59,45,49,35,50.0,448,90,499,0,0.8,16,8,4.5,6,Doublade,-0.09070862997386911,-1.1686551414977042,0,Fully Evolved
662,681,150,50,60,150,50,60,50.0,520,45,411,0,1.7,16,8,53.0,6,Aegislash,1.4045087480145462,0.32274890819779384,0,Fully Evolved
663,682,52,60,78,63,65,23,50.0,341,200,361,0,0.2,4,4,0.5,6,Spritzee,-2.029558501050246,1.0280394259921077,1,Baby
664,683,72,72,101,99,89,29,50.0,462,140,196,0,0.8,4,4,15.5,6,Aromatisse,0.04257571735663271,1.2384546480852185,0,Fully Evolved
665,684,48,66,62,59,57,49,50.0,341,200,112,0,0.4,4,4,3.5,6,Swirlix,-2.0081331470704713,1.417680475214982,1,Baby
666,685,80,86,82,85,75,72,50.0,480,140,322,0,0.8,4,4,5.0,6,Slurpuff,0.08906550285866036,1.549391981038874,0,Fully Evolved
667,686,54,53,53,37,46,45,50.0,288,190,400,0,0.4,1,14,3.5,6,Inkay,-2.7088410170386448,0.3031396239238105,1,Baby
668,687,92,88,86,68,75,73,50.0,482,80,353,0,1.5,1,14,47.0,6,Malamar,0.6520680177949951,0.48112484847728026,0,Fully Evolved
669,688,52,67,42,39,56,50,50.0,306,120,540,0,0.5,15,17,31.0,6,Binacle,-2.058707463914559,-1.7212405224556055,1,Baby
670,689,105,115,72,54,86,68,50.0,500,45,102,0,1.3,15,17,96.0,6,Barbaracle,1.2096238550695644,-1.529806995187031,0,Fully Evolved
671,690,60,60,50,60,60,30,50.0,320,225,327,0,0.5,13,17,7.3,6,Skrelp,-2.2996570504145093,-1.4688874392013647,1,Baby
672,691,75,90,65,97,123,44,50.0,494,55,327,0,1.8,13,2,81.5,6,Dragalge,1.2215289720955007,0.33905819447188956,0,Fully Evolved
673,692,53,62,50,58,63,44,50.0,330,225,552,0,0.5,17,17,8.3,6,Clauncher,-2.2204769687449963,-1.9522135069920308,1,Baby
674,693,73,88,71,120,89,59,50.0,500,55,237,0,1.3,17,17,35.3,6,Clawitzer,1.0407315881631278,-1.4872992897665958,0,Fully Evolved
675,694,38,33,44,61,43,70,50.0,289,190,206,0,0.5,3,12,6.0,6,Helioptile,-2.6760093892705403,0.9335483766956592,1,Baby
676,695,55,52,62,109,94,109,50.0,481,75,206,0,1.0,3,12,21.0,6,Heliolisk,0.4424188287867185,1.3824632361863385,0,Fully Evolved
677,696,89,77,58,45,45,48,88.1,362,45,409,0,0.8,15,2,26.0,6,Tyrunt,-0.6453550198583037,0.2628411954935486,1,Baby
678,697,121,119,82,69,59,71,88.1,521,45,131,0,2.5,15,2,270.0,6,Tyrantrum,2.455429977412428,0.08347852906722368,0,Fully Evolved
679,698,59,50,77,67,63,46,88.1,362,45,534,0,1.3,15,11,25.2,6,Amaura,-0.47022025872285855,-0.8816751814618428,1,Baby
680,699,77,72,123,99,92,58,88.1,521,45,534,0,2.7,15,11,225.0,6,Aurorus,2.4671316549105806,-1.208467317799829,0,Fully Evolved
681,700,65,65,95,110,130,60,88.1,525,45,249,0,1.0,4,4,23.5,6,Sylveon,1.5985561784294022,1.5020436425711736,0,Fully Evolved
682,701,92,75,78,74,63,118,50.0,500,100,575,0,0.8,5,7,21.5,6,Hawlucha,0.4080801242506225,1.4879293022507398,0,Fully Evolved
683,702,58,57,67,81,67,101,50.0,431,180,6,0,0.2,3,4,2.2,6,Dedenne,-0.8951585752317017,2.3491953967799626,1,Baby
684,703,50,150,50,50,150,50,101.0,500,60,262,0,0.3,15,4,5.7,6,Carbink,1.0859143687964952,-0.6327445164031785,0,Fully Evolved
685,704,50,35,45,55,75,40,50.0,300,45,464,0,0.3,2,2,2.8,6,Goomy,-1.927775604461315,1.8573884557112563,1,Baby
686,705,75,53,68,83,113,60,50.0,452,45,464,0,0.8,2,2,17.5,6,Sliggoo,0.20877828470096904,1.9884898876137715,0,Fully Evolved
687,706,100,70,90,110,150,80,50.0,600,45,144,0,2.0,2,2,150.5,6,Goodra,2.821969938507676,2.1200377021256123,0,Fully Evolved
688,707,80,91,57,80,87,75,50.0,470,75,268,0,0.2,16,4,3.0,6,Klefki,0.12426623618836996,0.36922676302667534,0,Fully Evolved
689,708,70,48,43,50,60,38,50.0,309,120,490,0,0.4,8,9,7.0,6,Phantump,-2.0929472941605876,0.21143772574317593,1,Baby
690,709,110,76,85,65,82,56,50.0,474,60,152,0,1.5,8,9,71.0,6,Trevenant,0.808233213103144,0.4004952463751794,0,Fully Evolved
691,710,66,70,59,44,55,41,50.0,335,120,389,0,0.8,8,9,15.0,6,Pumpkaboo,-1.6246192560076007,0.06732851024790568,1,Baby
692,711,100,122,85,58,75,54,50.0,494,60,389,0,1.7,8,9,39.0,6,Gourgeist,0.966743013249383,-0.11614708035825308,0,Fully Evolved
693,712,69,85,55,32,35,28,50.0,304,190,242,0,1.0,11,11,99.5,6,Bergmite,-2.0341386480570685,-0.8323181777454566,1,Baby
694,713,117,184,95,44,46,28,50.0,514,55,243,0,2.0,11,11,505.0,6,Avalugg,2.491814474930306,-1.9328735148179463,0,Fully Evolved
695,714,30,35,40,45,40,55,50.0,245,190,466,0,0.5,7,2,8.0,6,Noibat,-3.254748341756291,1.3222382321374548,1,Baby
696,715,70,80,85,97,80,123,50.0,535,45,466,0,1.5,7,2,85.0,6,Noivern,1.4710429363055049,1.8753222659801634,0,Fully Evolved
697,716,131,95,126,131,98,99,101.0,680,45,287,1,3.0,4,4,215.0,6,Xerneas,5.478229167692031,1.6802024181189006,2,Legendary
698,717,131,95,126,131,98,99,101.0,680,45,132,1,5.8,1,7,203.0,6,Yveltal,6.203109076801052,1.5311330405319816,2,Legendary
699,718,100,121,216,91,95,85,101.0,708,3,351,1,5.0,2,10,284.6,6,Zygarde,6.798117996330324,0.1647500694281868,2,Legendary
700,719,160,110,50,160,110,110,101.0,700,3,262,1,0.7,15,4,8.8,6,Diancie,4.777650054782789,1.311380398141952,2,Legendary
701,721,110,120,80,130,90,70,101.0,600,3,485,1,1.7,6,17,195.0,6,Volcanion,4.222534570543653,-0.6234026714515233,2,Legendary
702,722,55,55,68,50,50,42,88.1,320,45,214,0,0.3,9,7,1.5,7,Rowlet,-1.299072387488224,0.5622373238397117,1,Baby
703,723,75,75,78,70,70,52,88.1,420,45,48,0,0.7,9,7,16.0,7,Dartrix,0.15925330012328748,0.691172334806894,0,Fully Evolved
704,724,107,75,78,100,100,70,88.1,530,45,12,0,1.6,9,8,36.6,7,Decidueye,1.8653078856716856,0.8601148231987304,0,Fully Evolved
705,725,65,40,45,60,40,70,88.1,320,45,173,0,0.4,6,6,4.3,7,Litten,-1.3594259794323647,1.5549871478110524,1,Baby
706,726,85,50,65,80,50,90,88.1,420,45,173,0,0.7,6,6,25.0,7,Torracat,0.038257496688635144,1.7546850508426668,0,Fully Evolved
707,727,115,90,95,80,90,60,88.1,530,45,229,0,1.8,6,1,83.0,7,Incineroar,1.9861700120268504,1.5626831081778758,0,Fully Evolved
708,728,54,54,50,66,56,40,88.1,320,45,433,0,0.4,17,17,7.5,7,Popplio,-1.2573299148526074,-1.6547852878474798,1,Baby
709,729,69,69,60,91,81,50,88.1,420,45,380,0,0.6,17,17,17.5,7,Brionne,0.12529404523370208,-1.548705816558139,0,Fully Evolved
710,730,74,74,80,126,116,60,88.1,530,45,465,0,1.8,17,4,44.0,7,Primarina,1.9262225312862902,0.04599341107002173,0,Fully Evolved
711,731,75,30,35,30,30,65,50.0,265,255,571,0,0.3,12,7,1.2,7,Pikipek,-3.353359706517204,0.40979023974146006,1,Baby
712,732,85,50,55,40,50,75,50.0,355,120,72,0,0.6,12,7,14.8,7,Trumbeak,-1.3963756905679308,0.773093299709454,1,Baby
713,733,120,75,80,75,75,60,50.0,485,45,77,0,1.1,12,7,26.0,7,Toucannon,0.8307964588420093,0.6173507115801298,0,Fully Evolved
714,734,70,30,48,30,30,45,50.0,253,255,296,0,0.4,12,12,6.0,7,Yungoos,-3.3571982252184394,-0.2961305713284474,1,Baby
715,735,110,60,88,55,60,45,50.0,418,127,481,0,0.7,12,12,14.2,7,Gumshoos,-0.5587328382487929,-0.44633292787051976,0,Fully Evolved
716,736,62,45,47,55,45,46,50.0,300,255,278,0,0.4,0,0,4.4,7,Grubbin,-2.813739573173051,2.4827035287217343,1,Baby
717,737,82,95,57,55,75,36,50.0,400,120,31,0,0.5,0,3,10.5,7,Charjabug,-0.8134551636299842,1.8879256478951798,0,Fully Evolved
718,738,70,90,77,145,75,43,50.0,500,45,479,0,1.5,0,3,45.0,7,Vikavolt,1.0673092329685296,1.9522489726133692,0,Fully Evolved
719,739,82,57,47,42,47,63,50.0,338,225,62,0,0.6,5,5,7.0,7,Crabrawler,-2.109225965916293,1.5638455883459756,1,Baby
720,740,132,77,97,62,67,43,50.0,478,60,573,0,1.7,5,11,180.0,7,Crabominable,1.1290489514107174,0.04752566141851324,0,Fully Evolved
721,741,70,70,75,98,70,93,24.6,476,45,122,0,0.6,6,7,3.4,7,Oricorio,0.21891000302540758,1.7000379376524712,0,Fully Evolved
722,742,45,40,40,55,40,84,50.0,304,190,35,0,0.1,0,4,0.2,7,Cutiefly,-2.61273637627502,2.6221698976183623,1,Baby
723,743,55,60,60,95,70,124,50.0,464,75,35,0,0.2,0,4,0.5,7,Ribombee,-0.07250699290522565,3.1064891589098313,0,Fully Evolved
724,744,65,40,45,30,40,60,50.0,280,190,392,0,0.5,15,15,9.2,7,Rockruff,-2.724798576240209,-0.9676711171207918,1,Baby
725,746,140,130,45,140,135,30,50.0,620,60,458,0,0.2,17,17,0.3,7,Wishiwashi,2.2393490033973906,-1.7599869737104739,0,Fully Evolved
726,747,53,62,50,43,52,45,50.0,305,190,67,0,0.4,13,17,8.0,7,Mareanie,-2.3390958567870923,-1.10033355353125,1,Baby
727,748,63,152,50,53,142,35,50.0,495,75,67,0,0.7,13,17,14.5,7,Toxapex,0.7763672904702258,-1.8781634451827236,0,Fully Evolved
728,749,100,70,70,45,55,45,50.0,385,190,141,0,1.0,10,10,110.0,7,Mudbray,-0.9220389620811615,-0.06363905883259015,1,Baby
729,750,125,100,100,55,85,35,50.0,500,60,143,0,2.5,10,10,920.0,7,Mudsdale,3.543137674064077,-1.5066649703503499,2,Legendary
730,751,40,52,38,40,72,27,50.0,269,200,550,0,0.3,17,0,4.0,7,Dewpider,-2.915217983121758,0.08550760919476895,1,Baby
731,752,70,92,68,50,132,42,50.0,454,100,550,0,1.8,17,0,82.0,7,Araquanid,0.5258307845168708,-0.19950659116727096,0,Fully Evolved
732,753,55,35,40,50,35,35,50.0,250,190,450,0,0.3,9,9,1.5,7,Fomantis,-3.179953936638018,0.25783420994074296,1,Baby
733,754,105,90,70,80,90,45,50.0,480,75,54,0,0.9,9,9,18.5,7,Lurantis,0.5914602435375981,0.4047568175704281,0,Fully Evolved
734,755,35,55,40,65,75,15,50.0,285,190,245,0,0.2,9,4,1.5,7,Morelull,-2.643189961537656,0.6030546124224567,1,Baby
735,756,45,80,60,90,100,30,50.0,405,75,245,0,1.0,9,4,11.5,7,Shiinotic,-0.36482854539290305,0.6613505295504214,0,Fully Evolved
736,757,44,40,48,71,40,77,88.1,320,120,524,0,0.6,13,6,4.8,7,Salandit,-1.6764434601225358,0.5508859092097219,1,Baby
737,758,64,60,68,111,60,117,0.0,480,45,524,0,1.2,13,6,22.2,7,Salazzle,0.17476622641610803,1.170169555187314,0,Fully Evolved
738,759,75,50,70,45,50,50,50.0,340,140,182,0,0.5,12,5,6.8,7,Stufful,-1.6754942161206623,0.6585254539012101,1,Baby
739,760,125,80,120,55,60,60,50.0,500,70,489,0,2.1,12,5,135.0,7,Bewear,1.3806755875481649,0.21921819865902922,0,Fully Evolved
740,761,30,38,42,30,38,32,0.0,210,235,202,0,0.3,9,9,3.2,7,Bounsweet,-4.212768607702967,0.2609985419948268,1,Baby
741,762,40,48,52,40,48,62,0.0,290,120,202,0,0.7,9,9,8.2,7,Steenee,-2.617932184548657,0.5975620205366258,1,Baby
742,763,120,98,72,50,98,72,0.0,510,45,202,0,1.2,9,9,21.4,7,Tsareena,0.7296734311045444,0.5316034074299182,0,Fully Evolved
743,764,52,90,51,82,110,100,24.6,485,60,381,0,0.1,4,4,0.3,7,Comfey,0.06862495161248841,1.917409880487086,0,Fully Evolved
744,765,60,80,90,90,110,60,50.0,490,45,414,0,1.5,12,14,76.0,7,Oranguru,1.1145634584878454,-0.8264843693453316,0,Fully Evolved
745,766,120,90,100,40,60,80,50.0,490,45,503,0,2.0,5,5,82.8,7,Passimian,1.1052100025723066,1.1525091643647722,0,Fully Evolved
746,767,35,40,25,20,30,80,50.0,230,90,535,0,0.5,0,17,12.0,7,Wimpod,-3.095248676391841,0.4882601014211206,1,Baby
747,768,125,140,75,60,90,40,50.0,530,45,224,0,2.0,0,17,108.0,7,Golisopod,1.7942852103717468,-0.35935578875957985,0,Fully Evolved
748,769,55,80,55,70,45,15,50.0,320,140,416,0,0.5,8,10,70.0,7,Sandygast,-1.7970686534527294,-0.2901007811034677,1,Baby
749,770,75,110,85,100,75,35,50.0,480,60,415,0,1.3,8,10,250.0,7,Palossand,1.2579837243417755,-0.441080493151616,0,Fully Evolved
750,771,60,130,55,30,130,5,50.0,410,60,430,0,0.3,17,17,1.2,7,Pyukumuku,-0.37135705839758926,-2.755702962075821,0,Fully Evolved
751,772,95,95,95,95,95,59,101.0,534,3,501,0,1.9,12,12,120.5,7,Type: Null,2.429195824923475,-0.757031081513257,0,Fully Evolved
752,773,95,95,95,95,95,95,101.0,570,3,501,0,2.3,12,12,100.5,7,Silvally,2.8708227927989434,-0.37387132480633584,0,Fully Evolved
753,775,115,65,65,75,95,65,50.0,480,45,148,0,0.4,12,12,19.9,7,Komala,0.5643073959595515,0.0927247330373525,0,Fully Evolved
754,776,78,135,60,91,85,36,50.0,485,70,50,0,2.0,6,2,212.0,7,Turtonator,1.3928786909064632,0.8364142271891131,0,Fully Evolved
755,777,98,63,65,40,73,96,50.0,435,180,408,0,0.3,3,16,3.3,7,Togedemaru,-0.8423444149090318,0.5090122718307856,1,Baby
756,778,90,80,55,50,105,96,50.0,476,45,139,0,0.2,8,4,0.7,7,Mimikyu,0.31525570539440484,1.611265125676232,0,Fully Evolved
757,779,105,70,68,70,70,92,50.0,475,80,211,0,0.9,17,14,19.0,7,Bruxish,0.40221497274216106,-0.5556799886872993,0,Fully Evolved
758,780,60,85,78,135,91,36,50.0,485,70,366,0,3.0,12,2,185.0,7,Drampa,1.6107266205544202,0.3831399736735118,0,Fully Evolved
759,781,131,100,70,86,90,40,101.0,517,25,429,0,3.9,8,9,210.0,7,Dhelmise,2.857624139025169,-0.3158604536898684,0,Fully Evolved
760,782,55,65,45,45,45,45,50.0,300,45,419,0,0.6,2,2,29.7,7,Jangmo-o,-1.8174208796519715,1.8016616132159908,1,Baby
761,783,75,90,55,65,70,65,50.0,420,45,419,0,1.2,2,5,47.0,7,Hakamo-o,-0.08867521921227547,1.4871998442141094,0,Fully Evolved
762,784,110,125,75,100,105,85,50.0,600,45,419,0,1.6,2,5,78.2,7,Kommo-o,2.4058738746257298,1.5577407908084984,0,Fully Evolved
763,785,115,85,70,95,75,130,101.0,570,3,277,1,1.8,3,4,20.5,7,Tapu Koko,3.334696725628127,2.5948217514522804,2,Legendary
764,786,85,75,70,130,115,95,101.0,570,3,277,1,1.2,14,4,18.6,7,Tapu Lele,3.351421949479347,1.1312424148092715,2,Legendary
765,787,130,115,70,85,95,75,101.0,570,3,277,1,1.9,9,4,45.5,7,Tapu Bulu,3.5749818736594046,1.0743051514160311,2,Legendary
766,788,75,115,70,95,130,85,101.0,570,3,277,1,1.3,17,4,21.2,7,Tapu Fini,3.414616967499785,0.20036260758693863,2,Legendary
767,789,29,31,43,29,31,37,101.0,200,45,342,1,0.2,14,14,0.1,7,Cosmog,-1.8751840709812904,-0.83563727895457,1,Baby
768,790,29,131,43,29,131,37,101.0,400,45,385,1,0.1,14,14,999.9,7,Cosmoem,3.1463746382731017,-3.127979024318701,2,Legendary
769,791,137,107,137,113,89,97,101.0,680,45,493,1,3.4,14,16,230.0,7,Solgaleo,5.658291945436416,-1.1562092771562942,2,Legendary
770,792,113,89,137,137,107,97,101.0,680,45,330,1,4.0,14,8,120.0,7,Lunala,5.602830065702369,0.18156501093664928,2,Legendary
771,793,53,47,109,127,131,103,101.0,570,45,357,1,1.2,15,13,55.5,7,Nihilego,3.3132501264379086,-0.1564789210040864,2,Legendary
772,794,139,139,107,53,53,79,101.0,570,25,497,1,2.4,0,5,333.6,7,Buzzwole,4.191103819327076,1.117521791028285,2,Legendary
773,795,137,37,71,137,37,151,101.0,570,255,291,1,1.8,0,5,25.0,7,Pheromosa,2.1772227975811087,3.4866398781129395,2,Legendary
774,796,89,71,83,173,71,83,101.0,570,30,210,1,3.8,3,3,100.0,7,Xurkitree,4.064636928067523,2.3216566225532116,2,Legendary
775,797,101,103,97,107,101,61,101.0,570,25,279,1,9.2,16,7,999.9,7,Celesteela,7.810672666304547,-2.076072740582054,2,Legendary
776,798,181,131,59,59,31,109,101.0,570,255,145,1,0.3,9,16,0.1,7,Kartana,1.8227335348891944,0.11119865323600829,2,Legendary
777,799,101,53,223,97,53,43,101.0,570,15,266,1,5.5,1,2,888.0,7,Guzzlord,6.671944307304767,0.6641851386748222,2,Legendary
778,800,107,101,97,127,89,79,101.0,600,3,384,1,2.4,14,14,230.0,7,Necrozma,4.570270526134207,-0.861643820441425,2,Legendary
779,801,95,115,80,130,115,65,101.0,600,3,13,1,1.0,16,4,80.5,7,Magearna,3.9453177633864396,0.4421789946412415,2,Legendary
